category,name,provider_email,description,image_url
Banking&Insurance,AXA,AXA@test.com,www.axa.de,https://res.cloudinary.com/dzokjumuf/image/upload/v1606485642/Address-Mover-Logos/1024px-AXA_Logo.svg_rzvtly.png
Banking&Insurance,ING,ING@test.com,www.ing.de,https://res.cloudinary.com/daf0zj13q/image/upload/v1606323418/BANKING%20AND%20INSURANCE/ing_rexlkz.jpg
Banking&Insurance,DKB,DKB@test.com,www.dkb.de,https://res.cloudinary.com/daf0zj13q/image/upload/v1606323417/BANKING%20AND%20INSURANCE/512x512bb_ynriag.jpg
Banking&Insurance,ADAC,ADAC@test.com,www.adac.de,https://res.cloudinary.com/dzokjumuf/image/upload/v1606474592/Address-Mover-Logos/adac_logo_400x400_vdfxdc.png
Banking&Insurance,Allianz,Allianz@test.com,www.allianz.de,https://res.cloudinary.com/daf0zj13q/image/upload/v1606323417/BANKING%20AND%20INSURANCE/269a06387ab7898efbbfd1f62da01efb_fjbuev.jpg
Banking&Insurance,Commerzbank,Commerzbank@test.com,www.commerzbank.de,https://res.cloudinary.com/dzokjumuf/image/upload/v1606474592/Address-Mover-Logos/Commerzbank-Logo_nt9fhd.png
Banking&Insurance,ERGO Direkt AG,ERGODirektAG@test.com,www.ergo.de,https://res.cloudinary.com/daf0zj13q/image/upload/v1606323418/BANKING%20AND%20INSURANCE/800px-ERGO_Kindlustusgrupi_logo.svg_nmvekp.png
Banking&Insurance,Hypovereinsbank,Hypovereinsbank@test.com,www.hypovereinsbank.de,https://res.cloudinary.com/dzokjumuf/image/upload/v1606474592/Address-Mover-Logos/HypoVereinsbank-Logo-650x315_h8maph.png
Banking&Insurance,Berliner Sparkasse,BerlinerSparkasse@test.com,www.berliner-sparkasse.de,https://res.cloudinary.com/dzokjumuf/image/upload/v1606474592/Address-Mover-Logos/huk_coburg_sn86z5.png
Banking&Insurance,HUK-COBURG Versicherung,HUK-COBURGVersicherungsgruppe@test.com,www.huk.de,https://res.cloudinary.com/dzokjumuf/image/upload/v1606474592/Address-Mover-Logos/huk_coburg_sn86z5.png
Charity,Tdh,Tdh@test.com,www.tdh.de,https://res.cloudinary.com/dzokjumuf/image/upload/v1606474613/Address-Mover-Logos/terre_des_hommes_xcys38.png
Charity,Plan,Plan@test.com,www.plan.de,https://res.cloudinary.com/dzokjumuf/image/upload/v1606474613/Address-Mover-Logos/plan-logo_lepyzm.png
Charity,Unicef,Unicef@test.com,www.unicef.de,https://res.cloudinary.com/daf0zj13q/image/upload/v1606323513/charity/bf34fc01b9ad70afc5fc3f23858c2a88_yn5tzs.png
Charity,Missio,Missio@test.com,www.missio.de,https://res.cloudinary.com/daf0zj13q/image/upload/v1606323513/charity/Missio-sharing-life_2x-300x210_bgexkn.png
Charity,Caritas,Caritas@test.com,www.caritas.de,https://res.cloudinary.com/daf0zj13q/image/upload/v1606323513/charity/Caritas_rp60w2.jpg
Charity,Misereor,Misereor@test.com,www.misereor.de,https://res.cloudinary.com/daf0zj13q/image/upload/v1606323513/charity/logo-misereor_ceoyxt.jpg
Charity,Renovabis,Renovabis@test.com,www.renovabis.de,https://res.cloudinary.com/daf0zj13q/image/upload/v1606323513/charity/renovabis-logo-transparent.1200x1200_rhhiiu.png
Charity,Child Fund,ChildFund@test.com,www.childfund.de,https://res.cloudinary.com/dzokjumuf/image/upload/v1606474613/Address-Mover-Logos/childfund_uqmdfk.jpg
Charity,Worldvision,Worldvision@test.com,www.worldvision.de,https://res.cloudinary.com/dzokjumuf/image/upload/v1606474613/Address-Mover-Logos/800px-World_Vision_Logo.svg_tyfqwb.png
Charity,Sternsinger,Sternsinger@test.com,www.sternsinger.de,https://res.cloudinary.com/dzokjumuf/image/upload/v1606474613/Address-Mover-Logos/sternsinger_ilkfcg.jpg
Charity,Seenotretter,Seenotretter@test.com,www.seenotretter.de,
Charity,Die Joanniter,DieJoanniter@test.com,www.johanniter.de,
Charity,Kindernothilfe,Kindernothilfe@test.com,www.kindernothilfe.de,
Charity,Welthungerhilfe,Welthungerhilfe@test.com,www.welthungerhilfe.de,
Charity,Terre des homes,Terredeshomes@test.com,www.adveniat.de,
Charity,SOS Kinderdörfer,SOSKinderdörfer@test.com,www.sos-kinderdoerfer.de,
Charity,Schwestern Maria,SchwesternMaria@test.com,www.schwesternmaria.de,
Charity,Brot für die Welt,BrotfürdieWelt@test.com,www.brot-fuer-die-welt.de,
Charity,Ärzt ohne Grenzen,ÄrztohneGrenzen@test.com,www.aerzte-ohne-grenzen.de,
Charity,Carreras Stiftung,CarrerasStiftung@test.com,www.carreras-stiftung.de,
Charity,Deutsches Rotes Kreuz,DeutschesRotesKreuz@test.com,www.drk.de,
Charity,Amnesty International,AmnestyInternational@test.com,www.amnesty.de,
Charity,Menschen für Menschen,MenschenfürMenschen@test.com,www.menschenfuermenschen.de,
Charity,Christoffel Blindenmission,ChristoffelBlindenmission@test.com,www.cbm.de,
Communication,o2,o2@test.com,https://www.lewagon.com/berlin,https://res.cloudinary.com/daf0zj13q/image/upload/v1606323323/communication/OIP_izsaw0.jpg
Communication,1&1,1&1@test.com,https://www.lewagon.com/berlin,https://res.cloudinary.com/daf0zj13q/image/upload/v1606323323/communication/11-internet-logo-6BA1116DFB-seeklogo.com_oo5icu.png
Communication,DSI,DSI@test.com,https://www.lewagon.com/berlin,https://res.cloudinary.com/daf0zj13q/image/upload/v1606323323/communication/DSI_4c-Pos_gnmsor.png
Communication,EWE,EWE@test.com,https://www.lewagon.com/berlin,https://res.cloudinary.com/daf0zj13q/image/upload/v1606323323/communication/logo-ewe-900x600_nb0wal.png
Communication,htp,htp@test.com,https://www.lewagon.com/berlin,
Communication,JKR,JKR@test.com,https://www.lewagon.com/berlin,https://res.cloudinary.com/daf0zj13q/image/upload/v1606323323/communication/320d11f9088ff1e9718b78f3ebb180da_Logo_j3d52x.jpg
Communication,QSC,QSC@test.com,https://www.lewagon.com/berlin,
Communication,swb,swb@test.com,https://www.lewagon.com/berlin,
Communication,TMR,TMR@test.com,https://www.lewagon.com/berlin,
Communication,TNG,TNG@test.com,https://www.lewagon.com/berlin,
Communication,bn:t,bn:t@test.com,https://www.lewagon.com/berlin,
Communication,eazy,eazy@test.com,https://www.lewagon.com/berlin,
Communication,imos,imos@test.com,https://www.lewagon.com/berlin,
Communication,LNET,LNET@test.com,https://www.lewagon.com/berlin,
Communication,LYTE,LYTE@test.com,https://www.lewagon.com/berlin,
Communication,mieX,mieX@test.com,https://www.lewagon.com/berlin,
Communication,MKTH,MKTH@test.com,https://www.lewagon.com/berlin,
Communication,MMKS,MMKS@test.com,https://www.lewagon.com/berlin,
Communication,PYUR,PYUR@test.com,https://www.lewagon.com/berlin,
Communication,TKRZ,TKRZ@test.com,https://www.lewagon.com/berlin,
Communication,ZEAG,ZEAG@test.com,https://www.lewagon.com/berlin,
Communication,BITel,BITel@test.com,https://www.lewagon.com/berlin,
Communication,e.NET,e.NET@test.com,https://www.lewagon.com/berlin,
Communication,epcan,epcan@test.com,https://www.lewagon.com/berlin,
Communication,GöTel,GöTel@test.com,https://www.lewagon.com/berlin,
Communication,K-net,K-net@test.com,https://www.lewagon.com/berlin,
Communication,M-net,M-net@test.com,https://www.lewagon.com/berlin,
Communication,MDDSL,MDDSL@test.com,https://www.lewagon.com/berlin,
Communication,nexiu,nexiu@test.com,https://www.lewagon.com/berlin,
Communication,R-KOM,R-KOM@test.com,https://www.lewagon.com/berlin,
Communication,Tele2,Tele2@test.com,https://www.lewagon.com/berlin,
Communication,W°DSL,W°DSL@test.com,https://www.lewagon.com/berlin,
Communication,wiDSL,wiDSL@test.com,https://www.lewagon.com/berlin,
Communication,YplaY,YplaY@test.com,https://www.lewagon.com/berlin,
Communication,BCHNet,BCHNet@test.com,https://www.lewagon.com/berlin,
Communication,BORnet,BORnet@test.com,https://www.lewagon.com/berlin,
Communication,CBXNET,CBXNET@test.com,https://www.lewagon.com/berlin,
Communication,DegNet,DegNet@test.com,https://www.lewagon.com/berlin,
Communication,empera,empera@test.com,https://www.lewagon.com/berlin,
Communication,FABnet,FABnet@test.com,https://www.lewagon.com/berlin,
Communication,GWHtel,GWHtel@test.com,https://www.lewagon.com/berlin,
Communication,inexio,inexio@test.com,https://www.lewagon.com/berlin,
Communication,KNH-TV,KNH-TV@test.com,https://www.lewagon.com/berlin,
Communication,LWLcom,LWLcom@test.com,https://www.lewagon.com/berlin,
Communication,mm-dsl,mm-dsl@test.com,https://www.lewagon.com/berlin,
Communication,MUENET,MUENET@test.com,https://www.lewagon.com/berlin,
Communication,neu.sw,neu.sw@test.com,https://www.lewagon.com/berlin,
Communication,NEW AG,NEWAG@test.com,https://www.lewagon.com/berlin,
Communication,RuhNet,RuhNet@test.com,https://www.lewagon.com/berlin,
Communication,skyDSL,skyDSL@test.com,https://www.lewagon.com/berlin,
Communication,symbox,symbox@test.com,https://www.lewagon.com/berlin,
Communication,SYNVIA,SYNVIA@test.com,https://www.lewagon.com/berlin,
Communication,tal.de,tal.de@test.com,https://www.lewagon.com/berlin,
Communication,Teleos,Teleos@test.com,https://www.lewagon.com/berlin,
Communication,teliko,teliko@test.com,https://www.lewagon.com/berlin,
Communication,teutel,teutel@test.com,https://www.lewagon.com/berlin,
Communication,WITCOM,WITCOM@test.com,https://www.lewagon.com/berlin,
Communication,WOBCOM,WOBCOM@test.com,https://www.lewagon.com/berlin,
Communication,AP-WDSL,AP-WDSL@test.com,https://www.lewagon.com/berlin,
Communication,AvioDSL,AvioDSL@test.com,https://www.lewagon.com/berlin,
Communication,DNS:NET,DNS:NET@test.com,https://www.lewagon.com/berlin,
Communication,DOKOM21,DOKOM21@test.com,https://www.lewagon.com/berlin,
Communication,EckiTel,EckiTel@test.com,https://www.lewagon.com/berlin,
Communication,Eusanet,Eusanet@test.com,https://www.lewagon.com/berlin,
Communication,Filiago,Filiago@test.com,https://www.lewagon.com/berlin,
Communication,FreiDSL,FreiDSL@test.com,https://www.lewagon.com/berlin,
Communication,Freikom,Freikom@test.com,https://www.lewagon.com/berlin,
Communication,HomeNet,HomeNet@test.com,https://www.lewagon.com/berlin,
Communication,HORBnet,HORBnet@test.com,https://www.lewagon.com/berlin,
Communication,Hotzone,Hotzone@test.com,https://www.lewagon.com/berlin,
Communication,JWS-NET,JWS-NET@test.com,https://www.lewagon.com/berlin,
Communication,KielNET,KielNET@test.com,https://www.lewagon.com/berlin,
Communication,komflat,komflat@test.com,https://www.lewagon.com/berlin,
Communication,LH-DSL²,LH-DSL²@test.com,https://www.lewagon.com/berlin,
Communication,MURGTEL,MURGTEL@test.com,https://www.lewagon.com/berlin,
Communication,netzint,netzint@test.com,https://www.lewagon.com/berlin,
Communication,nswnetz,nswnetz@test.com,https://www.lewagon.com/berlin,
Communication,osnatel,osnatel@test.com,https://www.lewagon.com/berlin,
Communication,PerlNet,PerlNet@test.com,https://www.lewagon.com/berlin,
Communication,Rhönnet,Rhönnet@test.com,https://www.lewagon.com/berlin,
Communication,RheiNet,RheiNet@test.com,https://www.lewagon.com/berlin,
Communication,sdt.net,sdt.net@test.com,https://www.lewagon.com/berlin,
Communication,sewinet,sewinet@test.com,https://www.lewagon.com/berlin,
Communication,StarDSL,StarDSL@test.com,https://www.lewagon.com/berlin,
Communication,Telekom,Telekom@test.com,https://www.lewagon.com/berlin,
Communication,VSE NET,VSENET@test.com,https://www.lewagon.com/berlin,
Communication,WEMACOM,WEMACOM@test.com,https://www.lewagon.com/berlin,
Communication,WendLAN,WendLAN@test.com,https://www.lewagon.com/berlin,
Communication,wifiSAX,wifiSAX@test.com,https://www.lewagon.com/berlin,
Communication,wirsNET,wirsNET@test.com,https://www.lewagon.com/berlin,
Communication,WiSoTEL,WiSoTEL@test.com,https://www.lewagon.com/berlin,
Communication,AltoNetz,AltoNetz@test.com,https://www.lewagon.com/berlin,
Communication,BEWspeed,BEWspeed@test.com,https://www.lewagon.com/berlin,
Communication,chonocom,chonocom@test.com,https://www.lewagon.com/berlin,
Communication,congstar,congstar@test.com,https://www.lewagon.com/berlin,
Communication,Cyberfun,Cyberfun@test.com,https://www.lewagon.com/berlin,
Communication,DSLmobil,DSLmobil@test.com,https://www.lewagon.com/berlin,
Communication,DSLonAir,DSLonAir@test.com,https://www.lewagon.com/berlin,
Communication,e.discom,e.discom@test.com,https://www.lewagon.com/berlin,
Communication,easybell,easybell@test.com,https://www.lewagon.com/berlin,
Communication,EiderKom,EiderKom@test.com,https://www.lewagon.com/berlin,
Communication,encoLine,encoLine@test.com,https://www.lewagon.com/berlin,
Communication,fiberONE,fiberONE@test.com,https://www.lewagon.com/berlin,
Communication,GGEW net,GGEWnet@test.com,https://www.lewagon.com/berlin,
Communication,Giffinet,Giffinet@test.com,https://www.lewagon.com/berlin,
Communication,GmündCOM,GmündCOM@test.com,https://www.lewagon.com/berlin,
Communication,MiSaxNet,MiSaxNet@test.com,https://www.lewagon.com/berlin,
Communication,NETHINKS,NETHINKS@test.com,https://www.lewagon.com/berlin,
Communication,Orbitcom,Orbitcom@test.com,https://www.lewagon.com/berlin,
Communication,Quix DSL,QuixDSL@test.com,https://www.lewagon.com/berlin,
Communication,SpeedOne,SpeedOne@test.com,https://www.lewagon.com/berlin,
Communication,Sternkom,Sternkom@test.com,https://www.lewagon.com/berlin,
Communication,SWN-NetT,SWN-NetT@test.com,https://www.lewagon.com/berlin,
Communication,TeleData,TeleData@test.com,https://www.lewagon.com/berlin,
Communication,Telemark,Telemark@test.com,https://www.lewagon.com/berlin,
Communication,telsakom,telsakom@test.com,https://www.lewagon.com/berlin,
Communication,Transkom,Transkom@test.com,https://www.lewagon.com/berlin,
Communication,TraveKom,TraveKom@test.com,https://www.lewagon.com/berlin,
Communication,VEGA-net,VEGA-net@test.com,https://www.lewagon.com/berlin,
Communication,Versatel,Versatel@test.com,https://www.lewagon.com/berlin,
Communication,Vodafone,Vodafone@test.com,https://www.lewagon.com/berlin,
Communication,werrakom,werrakom@test.com,https://www.lewagon.com/berlin,
Communication,AllgäuDSL,AllgäuDSL@test.com,https://www.lewagon.com/berlin,
Communication,Amplus AG,AmplusAG@test.com,https://www.lewagon.com/berlin,
Communication,BADEN.NET,BADEN.NET@test.com,https://www.lewagon.com/berlin,
Communication,Eifel DSL,EifelDSL@test.com,https://www.lewagon.com/berlin,
Communication,envia TEL,enviaTEL@test.com,https://www.lewagon.com/berlin,
Communication,FairSPEED,FairSPEED@test.com,https://www.lewagon.com/berlin,
Communication,Fiete.Net,Fiete.Net@test.com,https://www.lewagon.com/berlin,
Communication,HessenKom,HessenKom@test.com,https://www.lewagon.com/berlin,
Communication,intersaar,intersaar@test.com,https://www.lewagon.com/berlin,
Communication,ip-fabric,ip-fabric@test.com,https://www.lewagon.com/berlin,
Communication,ITfM GmbH,ITfMGmbH@test.com,https://www.lewagon.com/berlin,
Communication,Jobst-DSL,Jobst-DSL@test.com,https://www.lewagon.com/berlin,
Communication,LANstream,LANstream@test.com,https://www.lewagon.com/berlin,
Communication,LFeld.net,LFeld.net@test.com,https://www.lewagon.com/berlin,
Communication,MEK-cable,MEK-cable@test.com,https://www.lewagon.com/berlin,
Communication,NeckarCom,NeckarCom@test.com,https://www.lewagon.com/berlin,
Communication,nexiu süd,nexiusüd@test.com,https://www.lewagon.com/berlin,
Communication,OstTelCom,OstTelCom@test.com,https://www.lewagon.com/berlin,
Communication,planet 33,planet33@test.com,https://www.lewagon.com/berlin,
Communication,primacall,primacall@test.com,https://www.lewagon.com/berlin,
Communication,SAT-Kabel,SAT-Kabel@test.com,https://www.lewagon.com/berlin,
Communication,smart-DSL,smart-DSL@test.com,https://www.lewagon.com/berlin,
Communication,Snellstar,Snellstar@test.com,https://www.lewagon.com/berlin,
Communication,SP:Homann,SP:Homann@test.com,https://www.lewagon.com/berlin,
Communication,tel.quick,tel.quick@test.com,https://www.lewagon.com/berlin,
Communication,telkodata,telkodata@test.com,https://www.lewagon.com/berlin,
Communication,web+phone,web+phone@test.com,https://www.lewagon.com/berlin,
Communication,willy.tel,willy.tel@test.com,https://www.lewagon.com/berlin,
Communication,Airdata AG,AirdataAG@test.com,https://www.lewagon.com/berlin,
Communication,Brehna.net,Brehna.net@test.com,https://www.lewagon.com/berlin,
Communication,COMplusnet,COMplusnet@test.com,https://www.lewagon.com/berlin,
Communication,dasNetz AG,dasNetzAG@test.com,https://www.lewagon.com/berlin,
Communication,GELSEN-NET,GELSEN-NET@test.com,https://www.lewagon.com/berlin,
Communication,KabelWeida,KabelWeida@test.com,https://www.lewagon.com/berlin,
Communication,komro GmbH,komroGmbH@test.com,https://www.lewagon.com/berlin,
Communication,LEW TelNet,LEWTelNet@test.com,https://www.lewagon.com/berlin,
Communication,mv Dresden,mvDresden@test.com,https://www.lewagon.com/berlin,
Communication,Novostream,Novostream@test.com,https://www.lewagon.com/berlin,
Communication,pinnau.com,pinnau.com@test.com,https://www.lewagon.com/berlin,
Communication,primeroCOM,primeroCOM@test.com,https://www.lewagon.com/berlin,
Communication,RIKOM GmbH,RIKOMGmbH@test.com,https://www.lewagon.com/berlin,
Communication,Schlau.com,Schlau.com@test.com,https://www.lewagon.com/berlin,
Communication,SeeConnect,SeeConnect@test.com,https://www.lewagon.com/berlin,
Communication,SF Digital,SFDigital@test.com,https://www.lewagon.com/berlin,
Communication,st-oneline,st-oneline@test.com,https://www.lewagon.com/berlin,
Communication,SWT trilan,SWTtrilan@test.com,https://www.lewagon.com/berlin,
Communication,Unitymedia,Unitymedia@test.com,https://www.lewagon.com/berlin,
Communication,WFCITY.net,WFCITY.net@test.com,https://www.lewagon.com/berlin,
Communication,WUNconnect,WUNconnect@test.com,https://www.lewagon.com/berlin,
Communication,ACO Connect,ACOConnect@test.com,https://www.lewagon.com/berlin,
Communication,DJ-Computer,DJ-Computer@test.com,https://www.lewagon.com/berlin,
Communication,echtschnell,echtschnell@test.com,https://www.lewagon.com/berlin,
Communication,EZV Energie,EZVEnergie@test.com,https://www.lewagon.com/berlin,
Communication,filstalnetz,filstalnetz@test.com,https://www.lewagon.com/berlin,
Communication,getinternet,getinternet@test.com,https://www.lewagon.com/berlin,
Communication,Herzo Media,HerzoMedia@test.com,https://www.lewagon.com/berlin,
Communication,HFO Telecom,HFOTelecom@test.com,https://www.lewagon.com/berlin,
Communication,interscholz,interscholz@test.com,https://www.lewagon.com/berlin,
Communication,KakiConnect,KakiConnect@test.com,https://www.lewagon.com/berlin,
Communication,KurpfalzTEL,KurpfalzTEL@test.com,https://www.lewagon.com/berlin,
Communication,Man CityNet,ManCityNet@test.com,https://www.lewagon.com/berlin,
Communication,MSK InfoSys,MSKInfoSys@test.com,https://www.lewagon.com/berlin,
Communication,Nerd Patrol,NerdPatrol@test.com,https://www.lewagon.com/berlin,
Communication,newone GmbH,newoneGmbH@test.com,https://www.lewagon.com/berlin,
Communication,nordischnet,nordischnet@test.com,https://www.lewagon.com/berlin,
Communication,operator AG,operatorAG@test.com,https://www.lewagon.com/berlin,
Communication,Outland-net,Outland-net@test.com,https://www.lewagon.com/berlin,
Communication,RMS-systems,RMS-systems@test.com,https://www.lewagon.com/berlin,
Communication,RSM Connect,RSMConnect@test.com,https://www.lewagon.com/berlin,
Communication,SWU TeleNet,SWUTeleNet@test.com,https://www.lewagon.com/berlin,
Communication,WIBAXX GmbH,WIBAXXGmbH@test.com,https://www.lewagon.com/berlin,
Communication,wilhelm.tel,wilhelm.tel@test.com,https://www.lewagon.com/berlin,
Communication,ASAMnet e.V.,ASAMnete.V.@test.com,https://www.lewagon.com/berlin,
Communication,cablesurf.de,cablesurf.de@test.com,https://www.lewagon.com/berlin,
Communication,CEMI Service,CEMIService@test.com,https://www.lewagon.com/berlin,
Communication,Datel Dessau,DatelDessau@test.com,https://www.lewagon.com/berlin,
Communication,Drahtlos-DSL,Drahtlos-DSL@test.com,https://www.lewagon.com/berlin,
Communication,EWG MediaNET,EWGMediaNET@test.com,https://www.lewagon.com/berlin,
Communication,Heuer & Sack,Heuer&Sack@test.com,https://www.lewagon.com/berlin,
Communication,HochrheinNET,HochrheinNET@test.com,https://www.lewagon.com/berlin,
Communication,HSE MediaNet,HSEMediaNet@test.com,https://www.lewagon.com/berlin,
Communication,I-NetPartner,I-NetPartner@test.com,https://www.lewagon.com/berlin,
Communication,ITVT Carrier,ITVTCarrier@test.com,https://www.lewagon.com/berlin,
Communication,KOMNEXX GmbH,KOMNEXXGmbH@test.com,https://www.lewagon.com/berlin,
Communication,net services,netservices@test.com,https://www.lewagon.com/berlin,
Communication,NetCommunity,NetCommunity@test.com,https://www.lewagon.com/berlin,
Communication,PfalzConnect,PfalzConnect@test.com,https://www.lewagon.com/berlin,
Communication,süc // dacor,süc//dacor@test.com,https://www.lewagon.com/berlin,
Communication,Stiegeler IT,StiegelerIT@test.com,https://www.lewagon.com/berlin,
Communication,ANT Granowski,ANTGranowski@test.com,https://www.lewagon.com/berlin,
Communication,BBV Thüringen,BBVThüringen@test.com,https://www.lewagon.com/berlin,
Communication,EFN eifel-net,EFNeifel-net@test.com,https://www.lewagon.com/berlin,
Communication,GlobalConnect,GlobalConnect@test.com,https://www.lewagon.com/berlin,
Communication,GP-Elektronik,GP-Elektronik@test.com,https://www.lewagon.com/berlin,
Communication,HL Komm / an!,HLKomm/an!@test.com,https://www.lewagon.com/berlin,
Communication,hugo internet,hugointernet@test.com,https://www.lewagon.com/berlin,
Communication,In(n) Energie,In(n)Energie@test.com,https://www.lewagon.com/berlin,
Communication,Kabel Baumann,KabelBaumann@test.com,https://www.lewagon.com/berlin,
Communication,Kabelmax GmbH,KabelmaxGmbH@test.com,https://www.lewagon.com/berlin,
Communication,KEVAG Telekom,KEVAGTelekom@test.com,https://www.lewagon.com/berlin,
Communication,Landnetz e.V.,Landnetze.V.@test.com,https://www.lewagon.com/berlin,
Communication,Loft-Net e.K.,Loft-Nete.K.@test.com,https://www.lewagon.com/berlin,
Communication,Netcom Kassel,NetcomKassel@test.com,https://www.lewagon.com/berlin,
Communication,regionetz.net,regionetz.net@test.com,https://www.lewagon.com/berlin,
Communication,RWE Highspeed,RWEHighspeed@test.com,https://www.lewagon.com/berlin,
Communication,Schneider DSL,SchneiderDSL@test.com,https://www.lewagon.com/berlin,
Communication,Wireless GmbH,WirelessGmbH@test.com,https://www.lewagon.com/berlin,
Communication,COS-on-Air OHG,COS-on-AirOHG@test.com,https://www.lewagon.com/berlin,
Communication,EmslandTel.Net,EmslandTel.Net@test.com,https://www.lewagon.com/berlin,
Communication,Global Village,GlobalVillage@test.com,https://www.lewagon.com/berlin,
Communication,IBH IT-Service,IBHIT-Service@test.com,https://www.lewagon.com/berlin,
Communication,IT World Oehme,ITWorldOehme@test.com,https://www.lewagon.com/berlin,
Communication,NetAachen GmbH,NetAachenGmbH@test.com,https://www.lewagon.com/berlin,
Communication,NetCom BW GmbH,NetComBWGmbH@test.com,https://www.lewagon.com/berlin,
Communication,Networx-Online,Networx-Online@test.com,https://www.lewagon.com/berlin,
Communication,Oelsnitz.media,Oelsnitz.media@test.com,https://www.lewagon.com/berlin,
Communication,Tegro Kabelbau,TegroKabelbau@test.com,https://www.lewagon.com/berlin,
Communication,Titan Networks,TitanNetworks@test.com,https://www.lewagon.com/berlin,
Communication,Unser Ortsnetz,UnserOrtsnetz@test.com,https://www.lewagon.com/berlin,
Communication,Vodafone Kabel,VodafoneKabel@test.com,https://www.lewagon.com/berlin,
Communication,wittenberg-net,wittenberg-net@test.com,https://www.lewagon.com/berlin,
Communication,Arche NetVision,ArcheNetVision@test.com,https://www.lewagon.com/berlin,
Communication,atn Partie GmbH,atnPartieGmbH@test.com,https://www.lewagon.com/berlin,
Communication,AVACOMM Systems,AVACOMMSystems@test.com,https://www.lewagon.com/berlin,
Communication,BBV Deutschland,BBVDeutschland@test.com,https://www.lewagon.com/berlin,
Communication,BBV Münsterland,BBVMünsterland@test.com,https://www.lewagon.com/berlin,
Communication,Brandl Services,BrandlServices@test.com,https://www.lewagon.com/berlin,
Communication,EMOTEC NETWORKS,EMOTECNETWORKS@test.com,https://www.lewagon.com/berlin,
Communication,EspenauNet e.V.,EspenauNete.V.@test.com,https://www.lewagon.com/berlin,
Communication,Genias Internet,GeniasInternet@test.com,https://www.lewagon.com/berlin,
Communication,gustav internet,gustavinternet@test.com,https://www.lewagon.com/berlin,
Communication,Ilm-Provider UG,Ilm-ProviderUG@test.com,https://www.lewagon.com/berlin,
Communication,Marienberg GmbH,MarienbergGmbH@test.com,https://www.lewagon.com/berlin,
Communication,MEGA Multimedia,MEGAMultimedia@test.com,https://www.lewagon.com/berlin,
Communication,NetCologne GmbH,NetCologneGmbH@test.com,https://www.lewagon.com/berlin,
Communication,Northern Access,NorthernAccess@test.com,https://www.lewagon.com/berlin,
Communication,pop-interactive,pop-interactive@test.com,https://www.lewagon.com/berlin,
Communication,RelAix Networks,RelAixNetworks@test.com,https://www.lewagon.com/berlin,
Communication,techni Internet,techniInternet@test.com,https://www.lewagon.com/berlin,
Communication,Telepark-Passau,Telepark-Passau@test.com,https://www.lewagon.com/berlin,
Communication,TKN Deutschland,TKNDeutschland@test.com,https://www.lewagon.com/berlin,
Communication,zollernalb-data,zollernalb-data@test.com,https://www.lewagon.com/berlin,
Communication,BBV Ostwestfalen,BBVOstwestfalen@test.com,https://www.lewagon.com/berlin,
Communication,BBV Rhein-Neckar,BBVRhein-Neckar@test.com,https://www.lewagon.com/berlin,
Communication,Bremen Briteline,BremenBriteline@test.com,https://www.lewagon.com/berlin,
Communication,Buchholz Digital,BuchholzDigital@test.com,https://www.lewagon.com/berlin,
Communication,CNS Network GmbH,CNSNetworkGmbH@test.com,https://www.lewagon.com/berlin,
Communication,CompuNet Systems,CompuNetSystems@test.com,https://www.lewagon.com/berlin,
Communication,Funk und Technik,FunkundTechnik@test.com,https://www.lewagon.com/berlin,
Communication,Glasfaser Bochum,GlasfaserBochum@test.com,https://www.lewagon.com/berlin,
Communication,Internet-Cottbus,Internet-Cottbus@test.com,https://www.lewagon.com/berlin,
Communication,KomMITT Ratingen,KomMITTRatingen@test.com,https://www.lewagon.com/berlin,
Communication,Medicom Dreieich,MedicomDreieich@test.com,https://www.lewagon.com/berlin,
Communication,Petri Elektronik,PetriElektronik@test.com,https://www.lewagon.com/berlin,
Communication,RST-Datentechnik,RST-Datentechnik@test.com,https://www.lewagon.com/berlin,
Communication,Stadtwerke Rhede,StadtwerkeRhede@test.com,https://www.lewagon.com/berlin,
Communication,Stadtwerke Stein,StadtwerkeStein@test.com,https://www.lewagon.com/berlin,
Communication,Stadtwerke Wedel,StadtwerkeWedel@test.com,https://www.lewagon.com/berlin,
Communication,Telekabel Bremen,TelekabelBremen@test.com,https://www.lewagon.com/berlin,
Communication,Thüringer Netkom,ThüringerNetkom@test.com,https://www.lewagon.com/berlin,
Communication,WDSL-Oberlausitz,WDSL-Oberlausitz@test.com,https://www.lewagon.com/berlin,
Communication,WISPOL Ja-Bu-Net,WISPOLJa-Bu-Net@test.com,https://www.lewagon.com/berlin,
Communication,WLAN-Faistenhaar,WLAN-Faistenhaar@test.com,https://www.lewagon.com/berlin,
Communication,ANTEC Servicepool,ANTECServicepool@test.com,https://www.lewagon.com/berlin,
Communication,Bisping & Bisping,Bisping&Bisping@test.com,https://www.lewagon.com/berlin,
Communication,EDV Team Oberland,EDVTeamOberland@test.com,https://www.lewagon.com/berlin,
Communication,Elbracht-Computer,Elbracht-Computer@test.com,https://www.lewagon.com/berlin,
Communication,FNOH-DSL Südheide,FNOH-DSLSüdheide@test.com,https://www.lewagon.com/berlin,
Communication,Kabel-TV Aue e.V.,Kabel-TVAuee.V.@test.com,https://www.lewagon.com/berlin,
Communication,Stadtnetz Bamberg,StadtnetzBamberg@test.com,https://www.lewagon.com/berlin,
Communication,Stadtwerke Lübeck,StadtwerkeLübeck@test.com,https://www.lewagon.com/berlin,
Communication,nordCom – EWE TEL,nordCom–EWETEL@test.com,https://www.lewagon.com/berlin,
Communication,Deutsche Glasfaser,DeutscheGlasfaser@test.com,https://www.lewagon.com/berlin,
Communication,innogy TelNet GmbH,innogyTelNetGmbH@test.com,https://www.lewagon.com/berlin,
Communication,INTERNETWELLE HARZ,INTERNETWELLEHARZ@test.com,https://www.lewagon.com/berlin,
Communication,Lichtwelle Erkrath,LichtwelleErkrath@test.com,https://www.lewagon.com/berlin,
Communication,Schnell-im-netz.de,Schnell-im-netz.de@test.com,https://www.lewagon.com/berlin,
Communication,Stadtwerke Ansbach,StadtwerkeAnsbach@test.com,https://www.lewagon.com/berlin,
Communication,Stadtwerke Einbeck,StadtwerkeEinbeck@test.com,https://www.lewagon.com/berlin,
Communication,Stadtwerke Itzehoe,StadtwerkeItzehoe@test.com,https://www.lewagon.com/berlin,
Communication,Stadtwerke Marburg,StadtwerkeMarburg@test.com,https://www.lewagon.com/berlin,
Communication,Stadtwerke Münster,StadtwerkeMünster@test.com,https://www.lewagon.com/berlin,
Communication,WMB – Kabelservice,WMB–Kabelservice@test.com,https://www.lewagon.com/berlin,
Communication,BürgerBreitbandNetz,BürgerBreitbandNetz@test.com,https://www.lewagon.com/berlin,
Communication,Dachau Citycom GmbH,DachauCitycomGmbH@test.com,https://www.lewagon.com/berlin,
Communication,FAG Bad Steben e.V.,FAGBadStebene.V.@test.com,https://www.lewagon.com/berlin,
Communication,Heidjers Stadtwerke,HeidjersStadtwerke@test.com,https://www.lewagon.com/berlin,
Communication,IT-Systeme Schuller,IT-SystemeSchuller@test.com,https://www.lewagon.com/berlin,
Communication,km3 teledienst GmbH,km3teledienstGmbH@test.com,https://www.lewagon.com/berlin,
Communication,Stadtwerke Schwerte,StadtwerkeSchwerte@test.com,https://www.lewagon.com/berlin,
Communication,TELTA Citynetz GmbH,TELTACitynetzGmbH@test.com,https://www.lewagon.com/berlin,
Communication,weissblau-breitband,weissblau-breitband@test.com,https://www.lewagon.com/berlin,
Communication,Wilmschen Webdesign,WilmschenWebdesign@test.com,https://www.lewagon.com/berlin,
Communication,AT Aggertechnik GmbH,ATAggertechnikGmbH@test.com,https://www.lewagon.com/berlin,
Communication,City-TV Kabelservice,City-TVKabelservice@test.com,https://www.lewagon.com/berlin,
Communication,d+p breitbandconcept,d+pbreitbandconcept@test.com,https://www.lewagon.com/berlin,
Communication,InSysCo Datensysteme,InSysCoDatensysteme@test.com,https://www.lewagon.com/berlin,
Communication,NGN FIBER NETWORK KG,NGNFIBERNETWORKKG@test.com,https://www.lewagon.com/berlin,
Communication,RegioNet Schweinfurt,RegioNetSchweinfurt@test.com,https://www.lewagon.com/berlin,
Communication,Schönenberg-Computer,Schönenberg-Computer@test.com,https://www.lewagon.com/berlin,
Communication,Stadtwerke Flensburg,StadtwerkeFlensburg@test.com,https://www.lewagon.com/berlin,
Communication,Stadtwerke Merseburg,StadtwerkeMerseburg@test.com,https://www.lewagon.com/berlin,
Communication,Stadtwerke Steinfurt,StadtwerkeSteinfurt@test.com,https://www.lewagon.com/berlin,
Communication,SWE Stadtwerke Eutin,SWEStadtwerkeEutin@test.com,https://www.lewagon.com/berlin,
Communication,Telekabel Riesa GmbH,TelekabelRiesaGmbH@test.com,https://www.lewagon.com/berlin,
Communication,AEP Plückhahn Service,AEPPlückhahnService@test.com,https://www.lewagon.com/berlin,
Communication,GlasCom Salzlandkreis,GlasComSalzlandkreis@test.com,https://www.lewagon.com/berlin,
Communication,GWS Stadtwerke Hameln,GWSStadtwerkeHameln@test.com,https://www.lewagon.com/berlin,
Communication,Mobile Breitbandnetze,MobileBreitbandnetze@test.com,https://www.lewagon.com/berlin,
Communication,NES-Elektro & Service,NES-Elektro&Service@test.com,https://www.lewagon.com/berlin,
Communication,Nordfriesen Glasfaser,NordfriesenGlasfaser@test.com,https://www.lewagon.com/berlin,
Communication,S + K Servicekabel AG,S+KServicekabelAG@test.com,https://www.lewagon.com/berlin,
Communication,Stadtwerke Ahrensburg,StadtwerkeAhrensburg@test.com,https://www.lewagon.com/berlin,
Communication,Stadtwerke Hammelburg,StadtwerkeHammelburg@test.com,https://www.lewagon.com/berlin,
Communication,Stadtwerke Radolfzell,StadtwerkeRadolfzell@test.com,https://www.lewagon.com/berlin,
Communication,CS-Telecom Deutschland,CS-TelecomDeutschland@test.com,https://www.lewagon.com/berlin,
Communication,Grafschafter Breitband,GrafschafterBreitband@test.com,https://www.lewagon.com/berlin,
Communication,Kabel DSL-Ludwigsstadt,KabelDSL-Ludwigsstadt@test.com,https://www.lewagon.com/berlin,
Communication,KSnet Breitbanddienste,KSnetBreitbanddienste@test.com,https://www.lewagon.com/berlin,
Communication,LF.net Netzwerksysteme,LF.netNetzwerksysteme@test.com,https://www.lewagon.com/berlin,
Communication,Schleswiger Stadtwerke,SchleswigerStadtwerke@test.com,https://www.lewagon.com/berlin,
Communication,SKYTRON Communications,SKYTRONCommunications@test.com,https://www.lewagon.com/berlin,
Communication,Stadtwerke Bad Nauheim,StadtwerkeBadNauheim@test.com,https://www.lewagon.com/berlin,
Communication,Stadtwerke Neustrelitz,StadtwerkeNeustrelitz@test.com,https://www.lewagon.com/berlin,
Communication,DBN – Das bessere Netz,DBN–DasbessereNetz@test.com,https://www.lewagon.com/berlin,
Communication,eins energie in sachsen,einsenergieinsachsen@test.com,https://www.lewagon.com/berlin,
Communication,JSK MediaNet / Girrbach,JSKMediaNet/Girrbach@test.com,https://www.lewagon.com/berlin,
Communication,Kabel + Satellit Bergen,Kabel+SatellitBergen@test.com,https://www.lewagon.com/berlin,
Communication,Kabelcom Andreas Stolle,KabelcomAndreasStolle@test.com,https://www.lewagon.com/berlin,
Communication,Landwerke M-V Breitband,LandwerkeM-VBreitband@test.com,https://www.lewagon.com/berlin,
Communication,MDCC Magdeburg-City-Com,MDCCMagdeburg-City-Com@test.com,https://www.lewagon.com/berlin,
Communication,Stadtwerk Tauberfranken,StadtwerkTauberfranken@test.com,https://www.lewagon.com/berlin,
Communication,Stadtwerke Freudenstadt,StadtwerkeFreudenstadt@test.com,https://www.lewagon.com/berlin,
Communication,terralink networks GmbH,terralinknetworksGmbH@test.com,https://www.lewagon.com/berlin,
Communication,Breitbandservice Gantert,BreitbandserviceGantert@test.com,https://www.lewagon.com/berlin,
Communication,Disquom Funktechnik GmbH,DisquomFunktechnikGmbH@test.com,https://www.lewagon.com/berlin,
Communication,ENSO Energie Sachsen Ost,ENSOEnergieSachsenOst@test.com,https://www.lewagon.com/berlin,
Communication,Milde Software Solutions,MildeSoftwareSolutions@test.com,https://www.lewagon.com/berlin,
Communication,Muth Citynetz Halle GmbH,MuthCitynetzHalleGmbH@test.com,https://www.lewagon.com/berlin,
Communication,TeamCom Goch UG & Co. KG,TeamComGochUG&Co.KG@test.com,https://www.lewagon.com/berlin,
Communication,Telekommunikation Lindau,TelekommunikationLindau@test.com,https://www.lewagon.com/berlin,
Communication,komDSL – LUK-Helmbrechts,komDSL–LUK-Helmbrechts@test.com,https://www.lewagon.com/berlin,
Energy,JES AG,JESAG@test.com,https://www.lewagon.com/berlin,https://res.cloudinary.com/dzokjumuf/image/upload/v1606486227/Address-Mover-Logos/jes_ag_weyuka.jpg
Energy,OIE AG,OIEAG@test.com,https://www.lewagon.com/berlin,https://res.cloudinary.com/daf0zj13q/image/upload/v1606323051/energy/OIE_Logo_ohne_Claim_Br_35mm_01_17-Kopie_i5k379.png
Energy,EWR AG,EWRAG@test.com,https://www.lewagon.com/berlin,https://res.cloudinary.com/dzokjumuf/image/upload/v1606486227/Address-Mover-Logos/EWR_Logo_Claim_Aussparung_RGB_lb4g5i.jpg
Energy,EVH GmbH,EVHGmbH@test.com,https://www.lewagon.com/berlin,https://res.cloudinary.com/dzokjumuf/image/upload/v1606486227/Address-Mover-Logos/logo-EVH_Halle_acwrpn.png
Energy,GASAG AG,GASAGAG@test.com,https://www.lewagon.com/berlin,https://res.cloudinary.com/daf0zj13q/image/upload/v1606323051/energy/enqu_wy2fdc.png
Energy,NGW GmbH,NGWGmbH@test.com,https://www.lewagon.com/berlin,https://res.cloudinary.com/dzokjumuf/image/upload/v1606486227/Address-Mover-Logos/ngw_mucead.png
Energy,WEMAG AG,WEMAGAG@test.com,https://www.lewagon.com/berlin,https://res.cloudinary.com/daf0zj13q/image/upload/v1606323051/energy/Wemag_logo.svg_p9s452.png
Energy,enQu GmbH,enQuGmbH@test.com,https://www.lewagon.com/berlin,https://res.cloudinary.com/dzokjumuf/image/upload/v1606486226/Address-Mover-Logos/enqu_qhjhd2.png
Energy,HEWA GmbH,HEWAGmbH@test.com,https://www.lewagon.com/berlin,https://res.cloudinary.com/dzokjumuf/image/upload/v1606486227/Address-Mover-Logos/HEWA-GmbH_x8pobb.png
Energy,medl GmbH,medlGmbH@test.com,https://www.lewagon.com/berlin,https://res.cloudinary.com/daf0zj13q/image/upload/v1606323051/energy/img_ekwfo4.jpg
Energy,WIND LINE,WINDLINE@test.com,https://www.lewagon.com/berlin,https://res.cloudinary.com/dzokjumuf/image/upload/v1606486227/Address-Mover-Logos/windline_k9nnhe.png
Energy,Mainova AG,MainovaAG@test.com,https://www.lewagon.com/berlin,https://res.cloudinary.com/dzokjumuf/image/upload/v1606486227/Address-Mover-Logos/mainova-logo_virrly.gif
Energy,enercity AG,enercityAG@test.com,https://www.lewagon.com/berlin,https://res.cloudinary.com/dzokjumuf/image/upload/v1606486227/Address-Mover-Logos/enercity_t4ljgt.png
Energy,ENSTROGA AG,ENSTROGAAG@test.com,https://www.lewagon.com/berlin,https://res.cloudinary.com/dzokjumuf/image/upload/v1606486227/Address-Mover-Logos/enstroga_j9uoet.png
Energy,eprimo GmbH,eprimoGmbH@test.com,https://www.lewagon.com/berlin,https://res.cloudinary.com/dzokjumuf/image/upload/v1606486227/Address-Mover-Logos/eprimo_Oeko_2_rgb_svqpmn.png
Energy,E.VITA GmbH,E.VITAGmbH@test.com,https://www.lewagon.com/berlin,https://res.cloudinary.com/dzokjumuf/image/upload/v1606486227/Address-Mover-Logos/e.vita-logo_q4tnxo.jpg
Energy,GAS IN GmbH,GASINGmbH@test.com,https://www.lewagon.com/berlin,
Energy,grünES GmbH,grünESGmbH@test.com,https://www.lewagon.com/berlin,
Energy,proefa GmbH,proefaGmbH@test.com,https://www.lewagon.com/berlin,
Energy,energis GmbH,energisGmbH@test.com,https://www.lewagon.com/berlin,
Energy,goldgas GmbH,goldgasGmbH@test.com,https://www.lewagon.com/berlin,
Energy,Lechwerke AG,LechwerkeAG@test.com,https://www.lewagon.com/berlin,
Energy,STROGON GmbH,STROGONGmbH@test.com,https://www.lewagon.com/berlin,
Energy,Stromio GmbH,StromioGmbH@test.com,https://www.lewagon.com/berlin,
Energy,4hundred GmbH,4hundredGmbH@test.com,https://www.lewagon.com/berlin,
Energy,Bad Honnef AG,BadHonnefAG@test.com,https://www.lewagon.com/berlin,
Energy,eneREGIO GmbH,eneREGIOGmbH@test.com,https://www.lewagon.com/berlin,
Energy,EVU Späth e.K,EVUSpäthe.K@test.com,https://www.lewagon.com/berlin,
Energy,LichtBlick SE,LichtBlickSE@test.com,https://www.lewagon.com/berlin,
Energy,Pfalzwerke AG,PfalzwerkeAG@test.com,https://www.lewagon.com/berlin,
Energy,Q1 Energie AG,Q1EnergieAG@test.com,https://www.lewagon.com/berlin,
Energy,Wunderwerk AG,WunderwerkAG@test.com,https://www.lewagon.com/berlin,
Energy,Bürgerwerke eG,BürgerwerkeeG@test.com,https://www.lewagon.com/berlin,
Energy,EW Geiger GmbH,EWGeigerGmbH@test.com,https://www.lewagon.com/berlin,
Energy,EW Schmid GmbH,EWSchmidGmbH@test.com,https://www.lewagon.com/berlin,
Energy,MVV Energie AG,MVVEnergieAG@test.com,https://www.lewagon.com/berlin,
Energy,ÜZW Energie AG,ÜZWEnergieAG@test.com,https://www.lewagon.com/berlin,
Energy,CB Energie GmbH,CBEnergieGmbH@test.com,https://www.lewagon.com/berlin,
Energy,Cramer Mühle KG,CramerMühleKG@test.com,https://www.lewagon.com/berlin,
Energy,energieGUT GmbH,energieGUTGmbH@test.com,https://www.lewagon.com/berlin,
Energy,FischerStrom KG,FischerStromKG@test.com,https://www.lewagon.com/berlin,
Energy,grün.power GmbH,grün.powerGmbH@test.com,https://www.lewagon.com/berlin,
Energy,illwerke vkw AG,illwerkevkwAG@test.com,https://www.lewagon.com/berlin,
Energy,Polarstern GmbH,PolarsternGmbH@test.com,https://www.lewagon.com/berlin,
Energy,RheinEnergie AG,RheinEnergieAG@test.com,https://www.lewagon.com/berlin,
Energy,Stadtwerke Roth,StadtwerkeRoth@test.com,https://www.lewagon.com/berlin,
Energy,vivi-power GmbH,vivi-powerGmbH@test.com,https://www.lewagon.com/berlin,
Energy,Windströöm GmbH,WindströömGmbH@test.com,https://www.lewagon.com/berlin,
Energy,ZEAG Energie AG,ZEAGEnergieAG@test.com,https://www.lewagon.com/berlin,
Energy,ENTEGA Plus GmbH,ENTEGAPlusGmbH@test.com,https://www.lewagon.com/berlin,https://res.cloudinary.com/daf0zj13q/image/upload/v1606323051/energy/1200px-ENTEGA_Logo_RGB.svg_l0rcyk.png
Energy,Dreischtrom GmbH,DreischtromGmbH@test.com,https://www.lewagon.com/berlin,
Energy,EAM Energie GmbH,EAMEnergieGmbH@test.com,https://www.lewagon.com/berlin,
Energy,Energiedienst AG,EnergiedienstAG@test.com,https://www.lewagon.com/berlin,
Energy,FairEnergie GmbH,FairEnergieGmbH@test.com,https://www.lewagon.com/berlin,
Energy,Filderstadtwerke,Filderstadtwerke@test.com,https://www.lewagon.com/berlin,
Energy,Herzo Werke GmbH,HerzoWerkeGmbH@test.com,https://www.lewagon.com/berlin,
Energy,infra fürth gmbh,infrafürthgmbh@test.com,https://www.lewagon.com/berlin,
Energy,KommEnergie GmbH,KommEnergieGmbH@test.com,https://www.lewagon.com/berlin,
Energy,LogoEnergie GmbH,LogoEnergieGmbH@test.com,https://www.lewagon.com/berlin,
Energy,Stadtwerke Hemau,StadtwerkeHemau@test.com,https://www.lewagon.com/berlin,
Energy,Stern Strom GmbH,SternStromGmbH@test.com,https://www.lewagon.com/berlin,
Energy,susiEnergie GmbH,susiEnergieGmbH@test.com,https://www.lewagon.com/berlin,
Energy,SWE Energie GmbH,SWEEnergieGmbH@test.com,https://www.lewagon.com/berlin,
Energy,SWK Energie GmbH,SWKEnergieGmbH@test.com,https://www.lewagon.com/berlin,
Energy,SWS Energie GmbH,SWSEnergieGmbH@test.com,https://www.lewagon.com/berlin,
Energy,SWU Energie GmbH,SWUEnergieGmbH@test.com,https://www.lewagon.com/berlin,
Energy,WattsEnergy GmbH,WattsEnergyGmbH@test.com,https://www.lewagon.com/berlin,
Energy,Werra-Strom GmbH,Werra-StromGmbH@test.com,https://www.lewagon.com/berlin,
Energy,Yello Strom GmbH,YelloStromGmbH@test.com,https://www.lewagon.com/berlin,
Energy,AggerEnergie GmbH,AggerEnergieGmbH@test.com,https://www.lewagon.com/berlin,
Energy,Ahrtal-Werke GmbH,Ahrtal-WerkeGmbH@test.com,https://www.lewagon.com/berlin,
Energy,Emil Energie GmbH,EmilEnergieGmbH@test.com,https://www.lewagon.com/berlin,
Energy,Energie Calw GmbH,EnergieCalwGmbH@test.com,https://www.lewagon.com/berlin,
Energy,energiehoch3 GmbH,energiehoch3GmbH@test.com,https://www.lewagon.com/berlin,
Energy,E-Werk Gerolsheim,E-WerkGerolsheim@test.com,https://www.lewagon.com/berlin,
Energy,EWE VERTRIEB GmbH,EWEVERTRIEBGmbH@test.com,https://www.lewagon.com/berlin,
Energy,ExtraEnergie GmbH,ExtraEnergieGmbH@test.com,https://www.lewagon.com/berlin,
Energy,Gemeindewerke Lam,GemeindewerkeLam@test.com,https://www.lewagon.com/berlin,
Energy,Ohra Energie GmbH,OhraEnergieGmbH@test.com,https://www.lewagon.com/berlin,
Energy,Stadtwerke Dachau,StadtwerkeDachau@test.com,https://www.lewagon.com/berlin,
Energy,Stadtwerke Haiger,StadtwerkeHaiger@test.com,https://www.lewagon.com/berlin,
Energy,Stadtwerke Mengen,StadtwerkeMengen@test.com,https://www.lewagon.com/berlin,
Energy,Stadtwerke Norden,StadtwerkeNorden@test.com,https://www.lewagon.com/berlin,
Energy,SVO Vertrieb GmbH,SVOVertriebGmbH@test.com,https://www.lewagon.com/berlin,
Energy,SWV Regional GmbH,SWVRegionalGmbH@test.com,https://www.lewagon.com/berlin,
Energy,Werraenergie GmbH,WerraenergieGmbH@test.com,https://www.lewagon.com/berlin,
Energy,Albstadtwerke GmbH,AlbstadtwerkeGmbH@test.com,https://www.lewagon.com/berlin,
Energy,Audax Energie GmbH,AudaxEnergieGmbH@test.com,https://www.lewagon.com/berlin,
Energy,EVU Langenpreising,EVULangenpreising@test.com,https://www.lewagon.com/berlin,
Energy,E WIE EINFACH GmbH,EWIEEINFACHGmbH@test.com,https://www.lewagon.com/berlin,
Energy,Gemeindewerk Hördt,GemeindewerkHördt@test.com,https://www.lewagon.com/berlin,
Energy,In(n) Energie GmbH,In(n)EnergieGmbH@test.com,https://www.lewagon.com/berlin,
Energy,innogy Direkt GmbH,innogyDirektGmbH@test.com,https://www.lewagon.com/berlin,
Energy,Maintal-Werke-GmbH,Maintal-Werke-GmbH@test.com,https://www.lewagon.com/berlin,
Energy,PassatEnergie GmbH,PassatEnergieGmbH@test.com,https://www.lewagon.com/berlin,
Energy,Silphienergie GmbH,SilphienergieGmbH@test.com,https://www.lewagon.com/berlin,
Energy,Stadtwerke Haslach,StadtwerkeHaslach@test.com,https://www.lewagon.com/berlin,
Energy,Stadtwerke Kiel AG,StadtwerkeKielAG@test.com,https://www.lewagon.com/berlin,
Energy,Stadtwerke Malchow,StadtwerkeMalchow@test.com,https://www.lewagon.com/berlin,
Energy,Stadtwerke Ochtrup,StadtwerkeOchtrup@test.com,https://www.lewagon.com/berlin,
Energy,Stadtwerke Schlitz,StadtwerkeSchlitz@test.com,https://www.lewagon.com/berlin,
Energy,Stadtwerke Wilster,StadtwerkeWilster@test.com,https://www.lewagon.com/berlin,
Energy,Stadtwerke Zwiesel,StadtwerkeZwiesel@test.com,https://www.lewagon.com/berlin,
Energy,SWW Wunsiedel GmbH,SWWWunsiedelGmbH@test.com,https://www.lewagon.com/berlin,
Energy,TauberEnergie Kuhn,TauberEnergieKuhn@test.com,https://www.lewagon.com/berlin,
Energy,Thüga Energie GmbH,ThügaEnergieGmbH@test.com,https://www.lewagon.com/berlin,
Energy,EnergieRevolte GmbH,EnergieRevolteGmbH@test.com,https://www.lewagon.com/berlin,
Energy,Erdgas Südwest GmbH,ErdgasSüdwestGmbH@test.com,https://www.lewagon.com/berlin,
Energy,ESWE Versorgungs AG,ESWEVersorgungsAG@test.com,https://www.lewagon.com/berlin,
Energy,friesenenergie GmbH,friesenenergieGmbH@test.com,https://www.lewagon.com/berlin,
Energy,Gemeindewerke Hardt,GemeindewerkeHardt@test.com,https://www.lewagon.com/berlin,
Energy,GVG Rhein-Erft GmbH,GVGRhein-ErftGmbH@test.com,https://www.lewagon.com/berlin,
Energy,Hanwha Q CELLS GmbH,HanwhaQCELLSGmbH@test.com,https://www.lewagon.com/berlin,
Energy,Köthen Energie GmbH,KöthenEnergieGmbH@test.com,https://www.lewagon.com/berlin,
Energy,lekker Energie GmbH,lekkerEnergieGmbH@test.com,https://www.lewagon.com/berlin,
Energy,Lition Energie GmbH,LitionEnergieGmbH@test.com,https://www.lewagon.com/berlin,
Energy,Stadtwerke Achim AG,StadtwerkeAchimAG@test.com,https://www.lewagon.com/berlin,
Energy,Stadtwerke Balingen,StadtwerkeBalingen@test.com,https://www.lewagon.com/berlin,
Energy,Stadtwerke Eberbach,StadtwerkeEberbach@test.com,https://www.lewagon.com/berlin,
Energy,Stadtwerke Elmshorn,StadtwerkeElmshorn@test.com,https://www.lewagon.com/berlin,
Energy,Stadtwerke Essen AG,StadtwerkeEssenAG@test.com,https://www.lewagon.com/berlin,
Energy,Stadtwerke Gaggenau,StadtwerkeGaggenau@test.com,https://www.lewagon.com/berlin,
Energy,Stadtwerke Herne AG,StadtwerkeHerneAG@test.com,https://www.lewagon.com/berlin,
Energy,Stadtwerke Hollfeld,StadtwerkeHollfeld@test.com,https://www.lewagon.com/berlin,
Energy,Stadtwerke Kulmbach,StadtwerkeKulmbach@test.com,https://www.lewagon.com/berlin,
Energy,Stadtwerke Landshut,StadtwerkeLandshut@test.com,https://www.lewagon.com/berlin,
Energy,Stadtwerk Verl GmbH,StadtwerkVerlGmbH@test.com,https://www.lewagon.com/berlin,
Energy,badenova AG & Co. KG,badenovaAG&Co.KG@test.com,https://www.lewagon.com/berlin,
Energy,Erdgas Schwaben GmbH,ErdgasSchwabenGmbH@test.com,https://www.lewagon.com/berlin,
Energy,EW Eichsfeldgas GmbH,EWEichsfeldgasGmbH@test.com,https://www.lewagon.com/berlin,
Energy,Gemeindewerke Waging,GemeindewerkeWaging@test.com,https://www.lewagon.com/berlin,
Energy,Greenpeace Energy eG,GreenpeaceEnergyeG@test.com,https://www.lewagon.com/berlin,
Energy,HAMBURG ENERGIE GmbH,HAMBURGENERGIEGmbH@test.com,https://www.lewagon.com/berlin,
Energy,Kraftwerke Haag GmbH,KraftwerkeHaagGmbH@test.com,https://www.lewagon.com/berlin,
Energy,MAINGAU Energie GmbH,MAINGAUEnergieGmbH@test.com,https://www.lewagon.com/berlin,
Energy,Neander Energie GmbH,NeanderEnergieGmbH@test.com,https://www.lewagon.com/berlin,
Energy,Nord Stadtwerke GmbH,NordStadtwerkeGmbH@test.com,https://www.lewagon.com/berlin,
Energy,Stadtwerke Annweiler,StadtwerkeAnnweiler@test.com,https://www.lewagon.com/berlin,
Energy,Stadtwerke Bühl GmbH,StadtwerkeBühlGmbH@test.com,https://www.lewagon.com/berlin,
Energy,Stadtwerke Burg GmbH,StadtwerkeBurgGmbH@test.com,https://www.lewagon.com/berlin,
Energy,Stadtwerke Cham GmbH,StadtwerkeChamGmbH@test.com,https://www.lewagon.com/berlin,
Energy,Stadtwerke Diez GmbH,StadtwerkeDiezGmbH@test.com,https://www.lewagon.com/berlin,
Energy,Stadtwerke Gießen AG,StadtwerkeGießenAG@test.com,https://www.lewagon.com/berlin,
Energy,Stadtwerke Goch GmbH,StadtwerkeGochGmbH@test.com,https://www.lewagon.com/berlin,
Energy,Stadtwerke Haan GmbH,StadtwerkeHaanGmbH@test.com,https://www.lewagon.com/berlin,
Energy,Stadtwerke Hamm GmbH,StadtwerkeHammGmbH@test.com,https://www.lewagon.com/berlin,
Energy,Stadtwerke Hechingen,StadtwerkeHechingen@test.com,https://www.lewagon.com/berlin,
Energy,Stadtwerke Kirn GmbH,StadtwerkeKirnGmbH@test.com,https://www.lewagon.com/berlin,
Energy,Stadtwerke Lage GmbH,StadtwerkeLageGmbH@test.com,https://www.lewagon.com/berlin,
Energy,Stadtwerke Löffingen,StadtwerkeLöffingen@test.com,https://www.lewagon.com/berlin,
Energy,Stadtwerke Lübz GmbH,StadtwerkeLübzGmbH@test.com,https://www.lewagon.com/berlin,
Energy,Stadtwerke Metzingen,StadtwerkeMetzingen@test.com,https://www.lewagon.com/berlin,
Energy,Stadtwerke Mössingen,StadtwerkeMössingen@test.com,https://www.lewagon.com/berlin,
Energy,Stadtwerke Plattling,StadtwerkePlattling@test.com,https://www.lewagon.com/berlin,
Energy,Stadtwerke Rees GmbH,StadtwerkeReesGmbH@test.com,https://www.lewagon.com/berlin,
Energy,Stadtwerke Uffenheim,StadtwerkeUffenheim@test.com,https://www.lewagon.com/berlin,
Energy,Stadtwerke Unna GmbH,StadtwerkeUnnaGmbH@test.com,https://www.lewagon.com/berlin,
Energy,Stadtwerke Weinstadt,StadtwerkeWeinstadt@test.com,https://www.lewagon.com/berlin,
Energy,Stadtwerke Werl GmbH,StadtwerkeWerlGmbH@test.com,https://www.lewagon.com/berlin,
Energy,Stadtwerke Windsbach,StadtwerkeWindsbach@test.com,https://www.lewagon.com/berlin,
Energy,Strom Germering GmbH,StromGermeringGmbH@test.com,https://www.lewagon.com/berlin,
Energy,SWM Versorgungs GmbH,SWMVersorgungsGmbH@test.com,https://www.lewagon.com/berlin,
Energy,Wendelsteinbahn GmbH,WendelsteinbahnGmbH@test.com,https://www.lewagon.com/berlin,
Energy,Stadtwerke Barmstedt,StadtwerkeBarmstedt@test.com,https://www.lewagon.com/berlin,
Energy,Albwerk GmbH & Co. KG,AlbwerkGmbH&Co.KG@test.com,https://www.lewagon.com/berlin,
Energy,Benergie-Service GmbH,Benergie-ServiceGmbH@test.com,https://www.lewagon.com/berlin,
Energy,BeSte Stadtwerke GmbH,BeSteStadtwerkeGmbH@test.com,https://www.lewagon.com/berlin,
Energy,Brillant Energie GmbH,BrillantEnergieGmbH@test.com,https://www.lewagon.com/berlin,
Energy,Energie SaarLorLux AG,EnergieSaarLorLuxAG@test.com,https://www.lewagon.com/berlin,
Energy,e-regio GmbH & Co. KG,e-regioGmbH&Co.KG@test.com,https://www.lewagon.com/berlin,
Energy,Gemeindewerke Malente,GemeindewerkeMalente@test.com,https://www.lewagon.com/berlin,
Energy,Gemeindewerke Thüngen,GemeindewerkeThüngen@test.com,https://www.lewagon.com/berlin,
Energy,Green City Power GmbH,GreenCityPowerGmbH@test.com,https://www.lewagon.com/berlin,
Energy,Halberstadtwerke GmbH,HalberstadtwerkeGmbH@test.com,https://www.lewagon.com/berlin,
Energy,NaturStromHandel GmbH,NaturStromHandelGmbH@test.com,https://www.lewagon.com/berlin,
Energy,Nienburg Energie GmbH,NienburgEnergieGmbH@test.com,https://www.lewagon.com/berlin,
Energy,Regionah Energie GmbH,RegionahEnergieGmbH@test.com,https://www.lewagon.com/berlin,
Energy,Saergas GmbH & Co. KG,SaergasGmbH&Co.KG@test.com,https://www.lewagon.com/berlin,
Energy,Stadtwerke Aalen GmbH,StadtwerkeAalenGmbH@test.com,https://www.lewagon.com/berlin,
Energy,Stadtwerke Ahlen GmbH,StadtwerkeAhlenGmbH@test.com,https://www.lewagon.com/berlin,
Energy,Stadtwerke Altensteig,StadtwerkeAltensteig@test.com,https://www.lewagon.com/berlin,
Energy,Stadtwerke Bad Rodach,StadtwerkeBadRodach@test.com,https://www.lewagon.com/berlin,
Energy,Stadtwerke Barth GmbH,StadtwerkeBarthGmbH@test.com,https://www.lewagon.com/berlin,
Energy,Stadtwerke Bebra GmbH,StadtwerkeBebraGmbH@test.com,https://www.lewagon.com/berlin,
Energy,Stadtwerke Bogen GmbH,StadtwerkeBogenGmbH@test.com,https://www.lewagon.com/berlin,
Energy,Stadtwerke Brühl GmbH,StadtwerkeBrühlGmbH@test.com,https://www.lewagon.com/berlin,
Energy,Stadtwerke Celle GmbH,StadtwerkeCelleGmbH@test.com,https://www.lewagon.com/berlin,
Energy,Stadtwerke Dettelbach,StadtwerkeDettelbach@test.com,https://www.lewagon.com/berlin,
Energy,Stadtwerke Düren GmbH,StadtwerkeDürenGmbH@test.com,https://www.lewagon.com/berlin,
Energy,Stadtwerke Emden GmbH,StadtwerkeEmdenGmbH@test.com,https://www.lewagon.com/berlin,
Energy,Stadtwerke Eutin GmbH,StadtwerkeEutinGmbH@test.com,https://www.lewagon.com/berlin,
Energy,Stadtwerke Forst GmbH,StadtwerkeForstGmbH@test.com,https://www.lewagon.com/berlin,
Energy,Stadtwerke Gengenbach,StadtwerkeGengenbach@test.com,https://www.lewagon.com/berlin,
Energy,Stadtwerke Görlitz AG,StadtwerkeGörlitzAG@test.com,https://www.lewagon.com/berlin,
Energy,Stadtwerke Gotha GmbH,StadtwerkeGothaGmbH@test.com,https://www.lewagon.com/berlin,
Energy,Stadtwerke Hanau GmbH,StadtwerkeHanauGmbH@test.com,https://www.lewagon.com/berlin,
Energy,Stadtwerke Heide GmbH,StadtwerkeHeideGmbH@test.com,https://www.lewagon.com/berlin,
Energy,Stadtwerke Heilsbronn,StadtwerkeHeilsbronn@test.com,https://www.lewagon.com/berlin,
Energy,Stadtwerke Hemer GmbH,StadtwerkeHemerGmbH@test.com,https://www.lewagon.com/berlin,
Energy,Stadtwerke Herrenberg,StadtwerkeHerrenberg@test.com,https://www.lewagon.com/berlin,
Energy,Stadtwerke Hockenheim,StadtwerkeHockenheim@test.com,https://www.lewagon.com/berlin,
Energy,Stadtwerke Husum GmbH,StadtwerkeHusumGmbH@test.com,https://www.lewagon.com/berlin,
Energy,Stadtwerke Kleve GmbH,StadtwerkeKleveGmbH@test.com,https://www.lewagon.com/berlin,
Energy,Stadtwerke Kusel GmbH,StadtwerkeKuselGmbH@test.com,https://www.lewagon.com/berlin,
Energy,Stadtwerke Laage GmbH,StadtwerkeLaageGmbH@test.com,https://www.lewagon.com/berlin,
Energy,Stadtwerke Langenzenn,StadtwerkeLangenzenn@test.com,https://www.lewagon.com/berlin,
Energy,Stadtwerke Laufenburg,StadtwerkeLaufenburg@test.com,https://www.lewagon.com/berlin,
Energy,Stadtwerke Lemgo GmbH,StadtwerkeLemgoGmbH@test.com,https://www.lewagon.com/berlin,
Energy,Stadtwerke Löbau GmbH,StadtwerkeLöbauGmbH@test.com,https://www.lewagon.com/berlin,
Energy,Stadtwerke Loitz GmbH,StadtwerkeLoitzGmbH@test.com,https://www.lewagon.com/berlin,
Energy,Stadtwerke Lünen GmbH,StadtwerkeLünenGmbH@test.com,https://www.lewagon.com/berlin,
Energy,Stadtwerke Neuffen AG,StadtwerkeNeuffenAG@test.com,https://www.lewagon.com/berlin,
Energy,Stadtwerke Pappenheim,StadtwerkePappenheim@test.com,https://www.lewagon.com/berlin,
Energy,Stadtwerke Peine GmbH,StadtwerkePeineGmbH@test.com,https://www.lewagon.com/berlin,
Energy,Stadtwerke Rhede GmbH,StadtwerkeRhedeGmbH@test.com,https://www.lewagon.com/berlin,
Energy,Stadtwerke Riesa GmbH,StadtwerkeRiesaGmbH@test.com,https://www.lewagon.com/berlin,
Energy,Stadtwerke Rostock AG,StadtwerkeRostockAG@test.com,https://www.lewagon.com/berlin,
Energy,Stadtwerke Scheinfeld,StadtwerkeScheinfeld@test.com,https://www.lewagon.com/berlin,
Energy,Stadtwerke Soest GmbH,StadtwerkeSoestGmbH@test.com,https://www.lewagon.com/berlin,
Energy,Stadtwerke Stade GmbH,StadtwerkeStadeGmbH@test.com,https://www.lewagon.com/berlin,
Energy,Stadtwerke Thale GmbH,StadtwerkeThaleGmbH@test.com,https://www.lewagon.com/berlin,
Energy,Stadtwerke Uslar GmbH,StadtwerkeUslarGmbH@test.com,https://www.lewagon.com/berlin,
Energy,Stadtwerke Vilsbiburg,StadtwerkeVilsbiburg@test.com,https://www.lewagon.com/berlin,
Energy,Stadtwerke Wachenheim,StadtwerkeWachenheim@test.com,https://www.lewagon.com/berlin,
Energy,Stadtwerke Waren GmbH,StadtwerkeWarenGmbH@test.com,https://www.lewagon.com/berlin,
Energy,Stadtwerke Wedel GmbH,StadtwerkeWedelGmbH@test.com,https://www.lewagon.com/berlin,
Energy,Stadtwerke Wesel GmbH,StadtwerkeWeselGmbH@test.com,https://www.lewagon.com/berlin,
Energy,Stadtwerke Zeitz GmbH,StadtwerkeZeitzGmbH@test.com,https://www.lewagon.com/berlin,
Energy,Stadtwerke Zeven GmbH,StadtwerkeZevenGmbH@test.com,https://www.lewagon.com/berlin,
Energy,Ziegler GmbH & Co. KG,ZieglerGmbH&Co.KG@test.com,https://www.lewagon.com/berlin,
Energy,Stadtwerke Ahaus GmbH,StadtwerkeAhausGmbH@test.com,https://www.lewagon.com/berlin,
Energy,Stadtwerke Engen GmbH,StadtwerkeEngenGmbH@test.com,https://www.lewagon.com/berlin,
Energy,RhönEnergie Fulda GmbH,RhönEnergieFuldaGmbH@test.com,https://www.lewagon.com/berlin,
Energy,EBERwerk GmbH & Co. KG,EBERwerkGmbH&Co.KG@test.com,https://www.lewagon.com/berlin,
Energy,Energie Südbayern GmbH,EnergieSüdbayernGmbH@test.com,https://www.lewagon.com/berlin,
Energy,Energiewerk Meckenheim,EnergiewerkMeckenheim@test.com,https://www.lewagon.com/berlin,
Energy,energy4u GmbH & Co. KG,energy4uGmbH&Co.KG@test.com,https://www.lewagon.com/berlin,
Energy,Erlanger Stadtwerke AG,ErlangerStadtwerkeAG@test.com,https://www.lewagon.com/berlin,
Energy,e.wa riss GmbH & Co KG,e.warissGmbH&CoKG@test.com,https://www.lewagon.com/berlin,
Energy,FT Energiepartner GmbH,FTEnergiepartnerGmbH@test.com,https://www.lewagon.com/berlin,
Energy,Gemeindewerke Herxheim,GemeindewerkeHerxheim@test.com,https://www.lewagon.com/berlin,
Energy,Gemeindewerke Sinzheim,GemeindewerkeSinzheim@test.com,https://www.lewagon.com/berlin,
Energy,GEW Wilhelmshaven GmbH,GEWWilhelmshavenGmbH@test.com,https://www.lewagon.com/berlin,
Energy,Stadtwerke Bad Aibling,StadtwerkeBadAibling@test.com,https://www.lewagon.com/berlin,
Energy,Stadtwerke Baden-Baden,StadtwerkeBaden-Baden@test.com,https://www.lewagon.com/berlin,
Energy,Stadtwerke Bad Saulgau,StadtwerkeBadSaulgau@test.com,https://www.lewagon.com/berlin,
Energy,Stadtwerke Bernau GmbH,StadtwerkeBernauGmbH@test.com,https://www.lewagon.com/berlin,
Energy,Stadtwerke Bochum GmbH,StadtwerkeBochumGmbH@test.com,https://www.lewagon.com/berlin,
Energy,Stadtwerke Dinkelsbühl,StadtwerkeDinkelsbühl@test.com,https://www.lewagon.com/berlin,
Energy,Stadtwerke Döbeln GmbH,StadtwerkeDöbelnGmbH@test.com,https://www.lewagon.com/berlin,
Energy,Stadtwerke Duisburg AG,StadtwerkeDuisburgAG@test.com,https://www.lewagon.com/berlin,
Energy,Stadtwerke Dülmen GmbH,StadtwerkeDülmenGmbH@test.com,https://www.lewagon.com/berlin,
Energy,Stadtwerke Elbtal GmbH,StadtwerkeElbtalGmbH@test.com,https://www.lewagon.com/berlin,
Energy,Stadtwerke Greven GmbH,StadtwerkeGrevenGmbH@test.com,https://www.lewagon.com/berlin,
Energy,Stadtwerke Grimma GmbH,StadtwerkeGrimmaGmbH@test.com,https://www.lewagon.com/berlin,
Energy,Stadtwerke Gronau GmbH,StadtwerkeGronauGmbH@test.com,https://www.lewagon.com/berlin,
Energy,Stadtwerke Hilden GmbH,StadtwerkeHildenGmbH@test.com,https://www.lewagon.com/berlin,
Energy,Stadtwerke Jülich GmbH,StadtwerkeJülichGmbH@test.com,https://www.lewagon.com/berlin,
Energy,Stadtwerke Kaarst GmbH,StadtwerkeKaarstGmbH@test.com,https://www.lewagon.com/berlin,
Energy,Stadtwerke Kempen GmbH,StadtwerkeKempenGmbH@test.com,https://www.lewagon.com/berlin,
Energy,Stadtwerke Langen GmbH,StadtwerkeLangenGmbH@test.com,https://www.lewagon.com/berlin,
Energy,Stadtwerke Lehrte GmbH,StadtwerkeLehrteGmbH@test.com,https://www.lewagon.com/berlin,
Energy,Stadtwerke Lichtenfels,StadtwerkeLichtenfels@test.com,https://www.lewagon.com/berlin,
Energy,Stadtwerke Lingen GmbH,StadtwerkeLingenGmbH@test.com,https://www.lewagon.com/berlin,
Energy,Stadtwerke Lübeck GmbH,StadtwerkeLübeckGmbH@test.com,https://www.lewagon.com/berlin,
Energy,Stadtwerke Menden GmbH,StadtwerkeMendenGmbH@test.com,https://www.lewagon.com/berlin,
Energy,Stadtwerke Merzig GmbH,StadtwerkeMerzigGmbH@test.com,https://www.lewagon.com/berlin,
Energy,Stadtwerke Niesky GmbH,StadtwerkeNieskyGmbH@test.com,https://www.lewagon.com/berlin,
Energy,Stadtwerke Norderstedt,StadtwerkeNorderstedt@test.com,https://www.lewagon.com/berlin,
Energy,Stadtwerke Nortorf AöR,StadtwerkeNortorfAöR@test.com,https://www.lewagon.com/berlin,
Energy,Stadtwerke Passau GmbH,StadtwerkePassauGmbH@test.com,https://www.lewagon.com/berlin,
Energy,Stadtwerke Sigmaringen,StadtwerkeSigmaringen@test.com,https://www.lewagon.com/berlin,
Energy,Stadtwerke Speyer GmbH,StadtwerkeSpeyerGmbH@test.com,https://www.lewagon.com/berlin,
Energy,Stadtwerke Torgau GmbH,StadtwerkeTorgauGmbH@test.com,https://www.lewagon.com/berlin,
Energy,Stadtwerke Uelzen GmbH,StadtwerkeUelzenGmbH@test.com,https://www.lewagon.com/berlin,
Energy,Stadtwerke Velten GmbH,StadtwerkeVeltenGmbH@test.com,https://www.lewagon.com/berlin,
Energy,Stadtwerke Verden GmbH,StadtwerkeVerdenGmbH@test.com,https://www.lewagon.com/berlin,
Energy,Stadtwerke Vlotho GmbH,StadtwerkeVlothoGmbH@test.com,https://www.lewagon.com/berlin,
Energy,Stadtwerke Voerde GmbH,StadtwerkeVoerdeGmbH@test.com,https://www.lewagon.com/berlin,
Energy,Stadtwerke Wadern GmbH,StadtwerkeWadernGmbH@test.com,https://www.lewagon.com/berlin,
Energy,Stadtwerke Waldkirchen,StadtwerkeWaldkirchen@test.com,https://www.lewagon.com/berlin,
Energy,Stadtwerke Waldmünchen,StadtwerkeWaldmünchen@test.com,https://www.lewagon.com/berlin,
Energy,Stadtwerke Werdau GmbH,StadtwerkeWerdauGmbH@test.com,https://www.lewagon.com/berlin,
Energy,Stadtwerke Wismar GmbH,StadtwerkeWismarGmbH@test.com,https://www.lewagon.com/berlin,
Energy,Stadtwerke Wissen GmbH,StadtwerkeWissenGmbH@test.com,https://www.lewagon.com/berlin,
Energy,Stadtwerke Witten GmbH,StadtwerkeWittenGmbH@test.com,https://www.lewagon.com/berlin,
Energy,Stadtwerke Würzburg AG,StadtwerkeWürzburgAG@test.com,https://www.lewagon.com/berlin,
Energy,Stadtwerke Zittau GmbH,StadtwerkeZittauGmbH@test.com,https://www.lewagon.com/berlin,
Energy,Stadtwerk Haßfurt GmbH,StadtwerkHaßfurtGmbH@test.com,https://www.lewagon.com/berlin,
Energy,TOTAL Energie Gas GmbH,TOTALEnergieGasGmbH@test.com,https://www.lewagon.com/berlin,
Energy,Überlandwerk Rhön GmbH,ÜberlandwerkRhönGmbH@test.com,https://www.lewagon.com/berlin,
Energy,Vestische Energie GmbH,VestischeEnergieGmbH@test.com,https://www.lewagon.com/berlin,
Energy,Wadersloh Energie GmbH,WaderslohEnergieGmbH@test.com,https://www.lewagon.com/berlin,
Energy,Stadtwerke Dorfen GmbH,StadtwerkeDorfenGmbH@test.com,https://www.lewagon.com/berlin,
Energy,Burgenland Energie GmbH,BurgenlandEnergieGmbH@test.com,https://www.lewagon.com/berlin,
Energy,EBLD Schweiz Strom GmbH,EBLDSchweizStromGmbH@test.com,https://www.lewagon.com/berlin,
Energy,Energie Rhein-Sieg GmbH,EnergieRhein-SiegGmbH@test.com,https://www.lewagon.com/berlin,
Energy,Energie Vorpommern GmbH,EnergieVorpommernGmbH@test.com,https://www.lewagon.com/berlin,
Energy,e-werk Sachsenwald GmbH,e-werkSachsenwaldGmbH@test.com,https://www.lewagon.com/berlin,
Energy,Gemeindewerke Ebersdorf,GemeindewerkeEbersdorf@test.com,https://www.lewagon.com/berlin,
Energy,Gemeindewerke Gangkofen,GemeindewerkeGangkofen@test.com,https://www.lewagon.com/berlin,
Energy,Gemeindewerke Nüdlingen,GemeindewerkeNüdlingen@test.com,https://www.lewagon.com/berlin,
Energy,Gemeindewerke Pleinfeld,GemeindewerkePleinfeld@test.com,https://www.lewagon.com/berlin,
Energy,Gemeindewerke Stammbach,GemeindewerkeStammbach@test.com,https://www.lewagon.com/berlin,
Energy,ROTHMOSER GMBH & CO. KG,ROTHMOSERGMBH&CO.KG@test.com,https://www.lewagon.com/berlin,
Energy,schwarzwald energy GmbH,schwarzwaldenergyGmbH@test.com,https://www.lewagon.com/berlin,
Energy,Stadtwerke Altdorf GmbH,StadtwerkeAltdorfGmbH@test.com,https://www.lewagon.com/berlin,
Energy,Stadtwerke Ansbach GmbH,StadtwerkeAnsbachGmbH@test.com,https://www.lewagon.com/berlin,
Energy,Stadtwerke Bexbach GmbH,StadtwerkeBexbachGmbH@test.com,https://www.lewagon.com/berlin,
Energy,Stadtwerke Bretten GmbH,StadtwerkeBrettenGmbH@test.com,https://www.lewagon.com/berlin,
Energy,Stadtwerke Burgbernheim,StadtwerkeBurgbernheim@test.com,https://www.lewagon.com/berlin,
Energy,Stadtwerke Cottbus GmbH,StadtwerkeCottbusGmbH@test.com,https://www.lewagon.com/berlin,
Energy,Stadtwerke Detmold GmbH,StadtwerkeDetmoldGmbH@test.com,https://www.lewagon.com/berlin,
Energy,Stadtwerke Einbeck GmbH,StadtwerkeEinbeckGmbH@test.com,https://www.lewagon.com/berlin,
Energy,Stadtwerke Erkrath GmbH,StadtwerkeErkrathGmbH@test.com,https://www.lewagon.com/berlin,
Energy,Stadtwerke Feuchtwangen,StadtwerkeFeuchtwangen@test.com,https://www.lewagon.com/berlin,
Energy,Stadtwerke Garbsen GmbH,StadtwerkeGarbsenGmbH@test.com,https://www.lewagon.com/berlin,
Energy,Stadtwerke Geldern GmbH,StadtwerkeGeldernGmbH@test.com,https://www.lewagon.com/berlin,
Energy,Stadtwerke Gescher GmbH,StadtwerkeGescherGmbH@test.com,https://www.lewagon.com/berlin,
Energy,Stadtwerke Gifhorn GmbH,StadtwerkeGifhornGmbH@test.com,https://www.lewagon.com/berlin,
Energy,Stadtwerke Göttingen AG,StadtwerkeGöttingenAG@test.com,https://www.lewagon.com/berlin,
Energy,Stadtwerke Güstrow GmbH,StadtwerkeGüstrowGmbH@test.com,https://www.lewagon.com/berlin,
Energy,Stadtwerke Hagenow GmbH,StadtwerkeHagenowGmbH@test.com,https://www.lewagon.com/berlin,
Energy,Stadtwerke Herborn GmbH,StadtwerkeHerbornGmbH@test.com,https://www.lewagon.com/berlin,
Energy,Stadtwerke Herford GmbH,StadtwerkeHerfordGmbH@test.com,https://www.lewagon.com/berlin,
Energy,Stadtwerke Homburg GmbH,StadtwerkeHomburgGmbH@test.com,https://www.lewagon.com/berlin,
Energy,Stadtwerke Hünfeld GmbH,StadtwerkeHünfeldGmbH@test.com,https://www.lewagon.com/berlin,
Energy,Stadtwerke Ilmenau GmbH,StadtwerkeIlmenauGmbH@test.com,https://www.lewagon.com/berlin,
Energy,Stadtwerke Itzehoe GmbH,StadtwerkeItzehoeGmbH@test.com,https://www.lewagon.com/berlin,
Energy,Stadtwerke Landsberg KU,StadtwerkeLandsbergKU@test.com,https://www.lewagon.com/berlin,
Energy,Stadtwerke Leipzig GmbH,StadtwerkeLeipzigGmbH@test.com,https://www.lewagon.com/berlin,
Energy,Stadtwerke Marburg GmbH,StadtwerkeMarburgGmbH@test.com,https://www.lewagon.com/berlin,
Energy,Stadtwerke Meerane GmbH,StadtwerkeMeeraneGmbH@test.com,https://www.lewagon.com/berlin,
Energy,Stadtwerke Mosbach GmbH,StadtwerkeMosbachGmbH@test.com,https://www.lewagon.com/berlin,
Energy,Stadtwerke Münster GmbH,StadtwerkeMünsterGmbH@test.com,https://www.lewagon.com/berlin,
Energy,Stadtwerke Neuwied GmbH,StadtwerkeNeuwiedGmbH@test.com,https://www.lewagon.com/berlin,
Energy,Stadtwerke Olching GmbH,StadtwerkeOlchingGmbH@test.com,https://www.lewagon.com/berlin,
Energy,Stadtwerke Osnabrück AG,StadtwerkeOsnabrückAG@test.com,https://www.lewagon.com/berlin,
Energy,Stadtwerke Parchim GmbH,StadtwerkeParchimGmbH@test.com,https://www.lewagon.com/berlin,
Energy,Stadtwerke Pfarrkirchen,StadtwerkePfarrkirchen@test.com,https://www.lewagon.com/berlin,
Energy,Stadtwerke Pulheim GmbH,StadtwerkePulheimGmbH@test.com,https://www.lewagon.com/berlin,
Energy,Stadtwerke Rastatt GmbH,StadtwerkeRastattGmbH@test.com,https://www.lewagon.com/berlin,
Energy,Stadtwerke Rinteln GmbH,StadtwerkeRintelnGmbH@test.com,https://www.lewagon.com/berlin,
Energy,Stadtwerke Schwedt GmbH,StadtwerkeSchwedtGmbH@test.com,https://www.lewagon.com/berlin,
Energy,Stadtwerke Springe GmbH,StadtwerkeSpringeGmbH@test.com,https://www.lewagon.com/berlin,
Energy,Stadtwerke Stendal GmbH,StadtwerkeStendalGmbH@test.com,https://www.lewagon.com/berlin,
Energy,Stadtwerke Teterow GmbH,StadtwerkeTeterowGmbH@test.com,https://www.lewagon.com/berlin,
Energy,Stadtwerke Velbert GmbH,StadtwerkeVelbertGmbH@test.com,https://www.lewagon.com/berlin,
Energy,Stadtwerke Willich GmbH,StadtwerkeWillichGmbH@test.com,https://www.lewagon.com/berlin,
Energy,Stadtwerke Zeil am Main,StadtwerkeZeilamMain@test.com,https://www.lewagon.com/berlin,
Energy,Stadtwerk Külsheim GmbH,StadtwerkKülsheimGmbH@test.com,https://www.lewagon.com/berlin,
Energy,SUEnergie GmbH & Co. KG,SUEnergieGmbH&Co.KG@test.com,https://www.lewagon.com/berlin,
Energy,Tibber Deutschland GmbH,TibberDeutschlandGmbH@test.com,https://www.lewagon.com/berlin,
Energy,WSW Energie & Wasser AG,WSWEnergie&WasserAG@test.com,https://www.lewagon.com/berlin,
Energy,Abens-Donau Energie GmbH,Abens-DonauEnergieGmbH@test.com,https://www.lewagon.com/berlin,
Energy,Allgäuer Kraftwerke GmbH,AllgäuerKraftwerkeGmbH@test.com,https://www.lewagon.com/berlin,
Energy,Berliner Stadtwerke GmbH,BerlinerStadtwerkeGmbH@test.com,https://www.lewagon.com/berlin,
Energy,C. Ensinger GmbH & Co.KG,C.EnsingerGmbH&Co.KG@test.com,https://www.lewagon.com/berlin,
Energy,EGT Energievertrieb GmbH,EGTEnergievertriebGmbH@test.com,https://www.lewagon.com/berlin,
Energy,Energieversorgung Schmid,EnergieversorgungSchmid@test.com,https://www.lewagon.com/berlin,
Energy,FREITALER STROM+GAS GMBH,FREITALERSTROM+GASGMBH@test.com,https://www.lewagon.com/berlin,
Energy,Gemeindewerke Cadolzburg,GemeindewerkeCadolzburg@test.com,https://www.lewagon.com/berlin,
Energy,Gemeindewerke Dudenhofen,GemeindewerkeDudenhofen@test.com,https://www.lewagon.com/berlin,
Energy,Gemeindewerke Halstenbek,GemeindewerkeHalstenbek@test.com,https://www.lewagon.com/berlin,
Energy,Gemeindewerke Weidenthal,GemeindewerkeWeidenthal@test.com,https://www.lewagon.com/berlin,
Energy,Grünwelt Wärmestrom GmbH,GrünweltWärmestromGmbH@test.com,https://www.lewagon.com/berlin,
Energy,Hertener Stadtwerke GmbH,HertenerStadtwerkeGmbH@test.com,https://www.lewagon.com/berlin,
Energy,LE Energy Solutions GmbH,LEEnergySolutionsGmbH@test.com,https://www.lewagon.com/berlin,
Energy,Meißener Stadtwerke GmbH,MeißenerStadtwerkeGmbH@test.com,https://www.lewagon.com/berlin,
Energy,Mindener Stadtwerke GmbH,MindenerStadtwerkeGmbH@test.com,https://www.lewagon.com/berlin,
Energy,Shell Energy Retail GmbH,ShellEnergyRetailGmbH@test.com,https://www.lewagon.com/berlin,
Energy,Stadtwerke Arnstadt GmbH,StadtwerkeArnstadtGmbH@test.com,https://www.lewagon.com/berlin,
Energy,Stadtwerke Bad Tölz GmbH,StadtwerkeBadTölzGmbH@test.com,https://www.lewagon.com/berlin,
Energy,Stadtwerke Bad Windsheim,StadtwerkeBadWindsheim@test.com,https://www.lewagon.com/berlin,
Energy,Stadtwerke Bergheim GmbH,StadtwerkeBergheimGmbH@test.com,https://www.lewagon.com/berlin,
Energy,Stadtwerke Bernburg GmbH,StadtwerkeBernburgGmbH@test.com,https://www.lewagon.com/berlin,
Energy,Stadtwerke Bliestal GmbH,StadtwerkeBliestalGmbH@test.com,https://www.lewagon.com/berlin,
Energy,Stadtwerke Böhmetal GmbH,StadtwerkeBöhmetalGmbH@test.com,https://www.lewagon.com/berlin,
Energy,Stadtwerke Bramsche GmbH,StadtwerkeBramscheGmbH@test.com,https://www.lewagon.com/berlin,
Energy,Stadtwerke Bruchsal GmbH,StadtwerkeBruchsalGmbH@test.com,https://www.lewagon.com/berlin,
Energy,Stadtwerke Burgdorf GmbH,StadtwerkeBurgdorfGmbH@test.com,https://www.lewagon.com/berlin,
Energy,Stadtwerke Coesfeld GmbH,StadtwerkeCoesfeldGmbH@test.com,https://www.lewagon.com/berlin,
Energy,Stadtwerke Dreieich GmbH,StadtwerkeDreieichGmbH@test.com,https://www.lewagon.com/berlin,
Energy,Stadtwerke Düsseldorf AG,StadtwerkeDüsseldorfAG@test.com,https://www.lewagon.com/berlin,
Energy,Stadtwerke Emmerich GmbH,StadtwerkeEmmerichGmbH@test.com,https://www.lewagon.com/berlin,
Energy,Stadtwerke Eschwege GmbH,StadtwerkeEschwegeGmbH@test.com,https://www.lewagon.com/berlin,
Energy,Stadtwerke Fellbach GmbH,StadtwerkeFellbachGmbH@test.com,https://www.lewagon.com/berlin,
Energy,Stadtwerke Heidenheim AG,StadtwerkeHeidenheimAG@test.com,https://www.lewagon.com/berlin,
Energy,Stadtwerke Heiligenhafen,StadtwerkeHeiligenhafen@test.com,https://www.lewagon.com/berlin,
Energy,Stadtwerke Iserlohn GmbH,StadtwerkeIserlohnGmbH@test.com,https://www.lewagon.com/berlin,
Energy,Stadtwerke Konstanz GmbH,StadtwerkeKonstanzGmbH@test.com,https://www.lewagon.com/berlin,
Energy,Stadtwerke Leutershausen,StadtwerkeLeutershausen@test.com,https://www.lewagon.com/berlin,
Energy,Stadtwerke Lübbecke GmbH,StadtwerkeLübbeckeGmbH@test.com,https://www.lewagon.com/berlin,
Energy,Stadtwerke Nettetal GmbH,StadtwerkeNettetalGmbH@test.com,https://www.lewagon.com/berlin,
Energy,Stadtwerke Nordfriesland,StadtwerkeNordfriesland@test.com,https://www.lewagon.com/berlin,
Energy,Stadtwerke Pasewalk GmbH,StadtwerkePasewalkGmbH@test.com,https://www.lewagon.com/berlin,
Energy,Stadtwerke Prenzlau GmbH,StadtwerkePrenzlauGmbH@test.com,https://www.lewagon.com/berlin,
Energy,Stadtwerke Ratingen GmbH,StadtwerkeRatingenGmbH@test.com,https://www.lewagon.com/berlin,
Energy,Stadtwerke Saalfeld GmbH,StadtwerkeSaalfeldGmbH@test.com,https://www.lewagon.com/berlin,
Energy,Stadtwerke Schifferstadt,StadtwerkeSchifferstadt@test.com,https://www.lewagon.com/berlin,
Energy,Stadtwerke Schwerte GmbH,StadtwerkeSchwerteGmbH@test.com,https://www.lewagon.com/berlin,
Energy,Stadtwerke Solingen GmbH,StadtwerkeSolingenGmbH@test.com,https://www.lewagon.com/berlin,
Energy,Stadtwerke Staßfurt GmbH,StadtwerkeStaßfurtGmbH@test.com,https://www.lewagon.com/berlin,
Energy,Stadtwerke Stockach GmbH,StadtwerkeStockachGmbH@test.com,https://www.lewagon.com/berlin,
Energy,Stadtwerke Tirschenreuth,StadtwerkeTirschenreuth@test.com,https://www.lewagon.com/berlin,
Energy,Stadtwerke Torgelow GmbH,StadtwerkeTorgelowGmbH@test.com,https://www.lewagon.com/berlin,
Energy,Stadtwerke Tornesch GmbH,StadtwerkeTorneschGmbH@test.com,https://www.lewagon.com/berlin,
Energy,Stadtwerke Treuchtlingen,StadtwerkeTreuchtlingen@test.com,https://www.lewagon.com/berlin,
Energy,Stadtwerke Tübingen GmbH,StadtwerkeTübingenGmbH@test.com,https://www.lewagon.com/berlin,
Energy,Stadtwerke Uetersen GmbH,StadtwerkeUetersenGmbH@test.com,https://www.lewagon.com/berlin,
Energy,Stadtwerke Versmold GmbH,StadtwerkeVersmoldGmbH@test.com,https://www.lewagon.com/berlin,
Energy,Stadtwerke Walldürn GmbH,StadtwerkeWalldürnGmbH@test.com,https://www.lewagon.com/berlin,
Energy,Stadtwerke Weilburg GmbH,StadtwerkeWeilburgGmbH@test.com,https://www.lewagon.com/berlin,
Energy,Stadtwerke Weilheim i.OB,StadtwerkeWeilheimi.OB@test.com,https://www.lewagon.com/berlin,
Energy,Stadtwerke Weinheim GmbH,StadtwerkeWeinheimGmbH@test.com,https://www.lewagon.com/berlin,
Energy,Stadtwerke Wertheim GmbH,StadtwerkeWertheimGmbH@test.com,https://www.lewagon.com/berlin,
Energy,Stadtwerke Zirndorf GmbH,StadtwerkeZirndorfGmbH@test.com,https://www.lewagon.com/berlin,
Energy,SÜC Energie und H2O GmbH,SÜCEnergieundH2OGmbH@test.com,https://www.lewagon.com/berlin,
Food,REWE,REWE@test.com,shop.rewe.de,https://res.cloudinary.com/daf0zj13q/image/upload/v1606322978/food/725px-Logo_REWE.svg_xmrbko.png
Food,getnow,getnow@test.com,https://www.lewagon.com/berlin,https://res.cloudinary.com/daf0zj13q/image/upload/v1606322978/food/getnow_9_qnukga.png
Food,Real.de,Real.de@test.com,https://www.lewagon.com/berlin,https://res.cloudinary.com/dzokjumuf/image/upload/v1606475638/Address-Mover-Logos/real-de-marktplatz_fa2rfs.jpg
Food,Edeka24,Edeka24@test.com,https://www.lewagon.com/berlin,https://res.cloudinary.com/daf0zj13q/image/upload/v1606322978/food/edeka24_qj16en.jpg
Food,Eismann,Eismann@test.com,https://www.lewagon.com/berlin,https://res.cloudinary.com/daf0zj13q/image/upload/v1606322978/food/Logo_eismann_bs9ggv.jpg
Food,Lieferando,Lieferando@test.com,https://www.lewagon.com/berlin,https://res.cloudinary.com/daf0zj13q/image/upload/v1606322978/food/Lieferando_irdckm.jpg
Food,HelloFresh,HelloFresh@test.com,https://www.lewagon.com/berlin,https://res.cloudinary.com/dzokjumuf/image/upload/v1606474629/Address-Mover-Logos/HelloFresh_Logo_hf9dzz.png
Food,Amazon Fresh,AmazonFresh@test.com,https://www.lewagon.com/berlin,https://res.cloudinary.com/dzokjumuf/image/upload/v1606474629/Address-Mover-Logos/amazon_fresh_nxk1ua.png
Food,Durstexpress,Durstexpress@test.com,https://www.lewagon.com/berlin,https://res.cloudinary.com/dzokjumuf/image/upload/v1606474629/Address-Mover-Logos/durstexpress_oa7g0w.jpg
Food,Bringmeister,BringmeisterOnline-Supermarkt@test.com,https://www.lewagon.com/berlin,https://res.cloudinary.com/dzokjumuf/image/upload/v1606474629/Address-Mover-Logos/Bringmeister_hoch_MIT-EDEKA_green_jzgvap.png
Food,myTime.de Lebensmittel,myTime.deLebensmittelonlinekaufen@test.com,https://www.lewagon.com/berlin,https://res.cloudinary.com/dzokjumuf/image/upload/v1606474629/Address-Mover-Logos/mytime-de_waqdkw.jpg
Health,BKK24,BKK24@test.com,https://www.lewagon.com/berlin,https://res.cloudinary.com/daf0zj13q/image/upload/v1606322881/health/providerlogo.png_lnff6b.png
Health,BKK PwC,BKKPwC@test.com,https://www.lewagon.com/berlin,https://res.cloudinary.com/dzokjumuf/image/upload/v1606487444/Address-Mover-Logos/PricewaterhouseCoopers_Logo_pbf7de.svg
Health,SKD BKK,SKDBKK@test.com,https://www.lewagon.com/berlin,https://res.cloudinary.com/daf0zj13q/image/upload/v1606322880/health/logo_u6fywv.png
Health,TUI BKK,TUIBKK@test.com,https://www.lewagon.com/berlin,https://res.cloudinary.com/daf0zj13q/image/upload/v1606322880/health/Logo_TUI-BKK_irlvtc.png
Health,AOK Plus,AOKPlus@test.com,https://www.lewagon.com/berlin,https://res.cloudinary.com/daf0zj13q/image/upload/v1606322880/health/AOK_cm16xx.jpg
Health,Audi BKK,AudiBKK@test.com,https://www.lewagon.com/berlin,https://res.cloudinary.com/dzokjumuf/image/upload/v1606487445/Address-Mover-Logos/audi-bkk-logo_i38rp4.png
Health,Bahn-BKK,Bahn-BKK@test.com,https://www.lewagon.com/berlin,https://res.cloudinary.com/daf0zj13q/image/upload/v1606322880/health/das_neue_logo_der_bahn_bkk7_evo_580_dwwtnw.jpg
Health,BKK Linde,BKKLinde@test.com,https://www.lewagon.com/berlin,https://res.cloudinary.com/dzokjumuf/image/upload/v1606487445/Address-Mover-Logos/Logo_BKK_Linde_wstwma.png
Health,BKK Pfalz,BKKPfalz@test.com,https://www.lewagon.com/berlin,https://res.cloudinary.com/dzokjumuf/image/upload/v1606487444/Address-Mover-Logos/BKK_Pfalz_Logo__2000_nao0ba.jpg
Health,Bosch BKK,BoschBKK@test.com,https://www.lewagon.com/berlin,https://res.cloudinary.com/dzokjumuf/image/upload/v1606487444/Address-Mover-Logos/bosch_bkk_ylch0d.jpg
Health,Salus BKK,SalusBKK@test.com,https://www.lewagon.com/berlin,https://res.cloudinary.com/dzokjumuf/image/upload/v1606487445/Address-Mover-Logos/salus-bkk_zghfdc.png
Health,AOK Bayern,AOKBayern@test.com,https://www.lewagon.com/berlin,https://res.cloudinary.com/dzokjumuf/image/upload/v1606487444/Address-Mover-Logos/AOK-Bayern_xeeoyq.png
Health,AOK Hessen,AOKHessen@test.com,https://www.lewagon.com/berlin,https://res.cloudinary.com/dzokjumuf/image/upload/v1606487444/Address-Mover-Logos/AOK-Hessen-1_cpc6ch.jpg
Health,BKK firmus,BKKfirmus@test.com,https://www.lewagon.com/berlin,https://res.cloudinary.com/dzokjumuf/image/upload/v1606487445/Address-Mover-Logos/bkk-firmus2_full_1561987932_l6myjr.jpg
Health,BKK Public,BKKPublic@test.com,https://www.lewagon.com/berlin,https://res.cloudinary.com/dzokjumuf/image/upload/v1606487444/Address-Mover-Logos/bkk_public_stvyem.jpg
Health,Debeka BKK,DebekaBKK@test.com,https://www.lewagon.com/berlin,https://res.cloudinary.com/dzokjumuf/image/upload/v1606487445/Address-Mover-Logos/debeka_bgmlgy.png
Health,AOK Nordost,AOKNordost@test.com,https://www.lewagon.com/berlin,
Health,IKK classic,IKKclassic@test.com,https://www.lewagon.com/berlin,
Health,IKK Südwest,IKKSüdwest@test.com,https://www.lewagon.com/berlin,
Health,BKK Euregio,BKKEuregio@test.com,https://www.lewagon.com/berlin,
Health,BKK Provita,BKKProvita@test.com,https://www.lewagon.com/berlin,
Health,Novitas BKK,NovitasBKK@test.com,https://www.lewagon.com/berlin,
Health,Pronova BKK,PronovaBKK@test.com,https://www.lewagon.com/berlin,
Health,Viactiv BKK,ViactivBKK@test.com,https://www.lewagon.com/berlin,
Health,Knappschaft,Knappschaft@test.com,https://www.lewagon.com/berlin,
Health,AOK Nordwest,AOKNordwest@test.com,https://www.lewagon.com/berlin,
Health,BKK Diakonie,BKKDiakonie@test.com,https://www.lewagon.com/berlin,
Health,BKK exklusiv,BKKexklusiv@test.com,https://www.lewagon.com/berlin,
Health,BKK Herkules,BKKHerkules@test.com,https://www.lewagon.com/berlin,
Health,Actimonda BKK,ActimondaBKK@test.com,https://www.lewagon.com/berlin,
Health,Securvita BKK,SecurvitaBKK@test.com,https://www.lewagon.com/berlin,
Health,DAK-Gesundheit,DAK-Gesundheit@test.com,https://www.lewagon.com/berlin,
Health,BKK Scheufelen,BKKScheufelen@test.com,https://www.lewagon.com/berlin,
Health,BKK Technoform,BKKTechnoform@test.com,https://www.lewagon.com/berlin,
Health,IKK gesund plus,IKKgesundplus@test.com,https://www.lewagon.com/berlin,
Health,Bertelsmann BKK,BertelsmannBKK@test.com,https://www.lewagon.com/berlin,
Health,BKK Freudenberg,BKKFreudenberg@test.com,https://www.lewagon.com/berlin,
Health,BKK Verbundplus,BKKVerbundplus@test.com,https://www.lewagon.com/berlin,
Health,BKK Melitta Plus,BKKMelittaPlus@test.com,https://www.lewagon.com/berlin,
Health,BKK ZF & Partner,BKKZF&Partner@test.com,https://www.lewagon.com/berlin,
Health,AOK Niedersachsen,AOKNiedersachsen@test.com,https://www.lewagon.com/berlin,
Health,Atlas BKK Ahlmann,AtlasBKKAhlmann@test.com,https://www.lewagon.com/berlin,
Health,BKK Dürkopp Adler,BKKDürkoppAdler@test.com,https://www.lewagon.com/berlin,
Health,AOK Sachsen-Anhalt,AOKSachsen-Anhalt@test.com,https://www.lewagon.com/berlin,
Health,Barmer Ersatzkasse,BarmerErsatzkasse@test.com,https://www.lewagon.com/berlin,
Health,BKK Werra-Meissner,BKKWerra-Meissner@test.com,https://www.lewagon.com/berlin,
Health,Handelskrankenkasse,Handelskrankenkasse@test.com,https://www.lewagon.com/berlin,
Health,Heimat Krankenkasse,HeimatKrankenkasse@test.com,https://www.lewagon.com/berlin,
Health,AOK Baden-Württemberg,AOKBaden-Württemberg@test.com,https://www.lewagon.com/berlin,
Health,AOK Rheinland/Hamburg,AOKRheinland/Hamburg@test.com,https://www.lewagon.com/berlin,
Health,BKK Akzo Nobel Bayern,BKKAkzoNobelBayern@test.com,https://www.lewagon.com/berlin,
Health,BKK Verkehrsbau Union,BKKVerkehrsbauUnion@test.com,https://www.lewagon.com/berlin,
Health,AOK Bremen/Bremerhaven,AOKBremen/Bremerhaven@test.com,https://www.lewagon.com/berlin,
Health,Techniker Krankenkasse,TechnikerKrankenkasse@test.com,https://www.lewagon.com/berlin,
Health,Innungskrankenkasse Nord,InnungskrankenkasseNord@test.com,https://www.lewagon.com/berlin,
Health,R+V Betriebskrankenkasse,R+VBetriebskrankenkasse@test.com,https://www.lewagon.com/berlin,
Health,BKK Achenbach Buschhütten,BKKAchenbachBuschhütten@test.com,https://www.lewagon.com/berlin,
Health,BKK Wirtschaft & Finanzen,BKKWirtschaft&Finanzen@test.com,https://www.lewagon.com/berlin,
Health,BKK EWE – betriebsbezogen,BKKEWE –betriebsbezogen@test.com,https://www.lewagon.com/berlin,
Health,BKK MTU – betriebsbezogen,BKKMTU –betriebsbezogen@test.com,https://www.lewagon.com/berlin,
Health,Die Bergische Krankenkasse,DieBergischeKrankenkasse@test.com,https://www.lewagon.com/berlin,
Health,Merck BKK – betriebsbezogen,MerckBKK –betriebsbezogen@test.com,https://www.lewagon.com/berlin,
Shopping,HM,HM@test.com,www2.hm.com/de_de/,https://res.cloudinary.com/daf0zj13q/image/upload/v1606323737/shopping/OIP_1_aayvi3.jpg
Shopping,DM,DM@test.com,www.dm.de,https://res.cloudinary.com/dzokjumuf/image/upload/v1606487295/Address-Mover-Logos/logo-dm_dbwjqy.jpg
Shopping,Qvc,Qvc@test.com,www.qvc.de,https://res.cloudinary.com/dzokjumuf/image/upload/v1606487296/Address-Mover-Logos/QVC_Logo.svg_yrlzoe.png
Shopping,Obi,Obi@test.com,www.obi.de,https://res.cloudinary.com/dzokjumuf/image/upload/v1606487296/Address-Mover-Logos/e33c2-obi_logo_xgbycu.jpg
Shopping,Eis,Eis@test.com,www.eis.de,https://res.cloudinary.com/dzokjumuf/image/upload/v1606487295/Address-Mover-Logos/Eis.de-Logo_fqjfgv.png
Shopping,Emp,Emp@test.com,www.emp.de,https://res.cloudinary.com/dzokjumuf/image/upload/v1606487295/Address-Mover-Logos/emp_brbzbx.png
Shopping,Otto,Otto@test.com,www.otto.de,https://res.cloudinary.com/dzokjumuf/image/upload/v1606487295/Address-Mover-Logos/otto_s42bpq.jpg
Shopping,Lidl,Lidl@test.com,www.lidl.de,https://res.cloudinary.com/dzokjumuf/image/upload/v1606487295/Address-Mover-Logos/768px-Lidl-Logo.svg_zik0uk.png
Shopping,Ikea,Ikea@test.com,www.ikea.com/de/de/,https://res.cloudinary.com/daf0zj13q/image/upload/v1606323738/shopping/97a445fe54897bebff74f4e1e88fc7dc18118178a9faddaee2fa3f6405_oycyyy.png
Shopping,Baur,Baur@test.com,baur.de,https://res.cloudinary.com/dzokjumuf/image/upload/v1606488097/Address-Mover-Logos/BAUR_Logo_kwmjxj.jpg
Shopping,Asos,Asos@test.com,www.asos.de,https://res.cloudinary.com/dzokjumuf/image/upload/v1606488098/Address-Mover-Logos/asos_maz5zw.png
Shopping,Real,Real@test.com,www.real.de,https://res.cloudinary.com/dzokjumuf/image/upload/v1606488098/Address-Mover-Logos/2000px-Real_Logo_Clean.svg_f0z5kb.png
Shopping,Zara,Zara@test.com,www.zara.com,https://res.cloudinary.com/daf0zj13q/image/upload/v1606323737/shopping/Zara-logo_kkvvit.png
Shopping,Nike,Nike@test.com,www.nike.com/de/,https://res.cloudinary.com/daf0zj13q/image/upload/v1606323737/shopping/Nike-Logo_zuszjk.png
Shopping,Dell,Dell@test.com,www.dell.com/de-de,
Shopping,Apple,Apple@test.com,www.apple.com,
Shopping,Bett1,Bett1@test.com,www.bett1.de,
Shopping,Hse24,Hse24@test.com,www.hse24.de,
Shopping,Shein,Shein@test.com,de.shein.com,
Shopping,Jacob,Jacob@test.com,www.jacob.de,
Shopping,Rebuy,Rebuy@test.com,www.rebuy.de,
Shopping,Heine,Heine@test.com,www.heine.de,
Shopping,Pearl,Pearl@test.com,www.pearl.de,
Shopping,Bader,Bader@test.com,www.bader.de,
Shopping,Amazon,Amazon@test.com,www.amazon.de,https://res.cloudinary.com/daf0zj13q/image/upload/v1606323737/shopping/amazon-logo-transparent_k9e0q5.png
Shopping,Saturn,Saturn@test.com,www.saturn.de,
Shopping,Conrad,Conrad@test.com,www.conrad.de,
Shopping,Tchibo,Tchibo@test.com,www.tchibo.de,
Shopping,Mytoys,Mytoys@test.com,www.mytoys.de,
Shopping,Esprit,Esprit@test.com,www.esprit.de,
Shopping,Medpex,Medpex@test.com,www.medpex.de,https://res.cloudinary.com/dzokjumuf/image/upload/v1606488098/Address-Mover-Logos/medpex-logo_qlvofa.png
Shopping,Home24,Home24@test.com,www.home24.de,https://res.cloudinary.com/dzokjumuf/image/upload/v1606488098/Address-Mover-Logos/Home24_Logo_ybd7go.jpg
Shopping,Reuter,Reuter@test.com,www.reuter.de,https://res.cloudinary.com/dzokjumuf/image/upload/v1606488098/Address-Mover-Logos/reuter-logo-ein-name-ein-wort-01_y7yv7u.jpg
Shopping,Thalia,Thalia@test.com,www.thalia.de,https://res.cloudinary.com/dzokjumuf/image/upload/v1606488097/Address-Mover-Logos/Thalia-Logo_tch9rz.jpg
Shopping,Medion,Medion@test.com,www.medion.com/de/shop,
Shopping,Adidas,Adidas@test.com,www.adidas.de,
Shopping,Apotal,Apotal@test.com,shop.apotal.de,
Shopping,Schwab,Schwab@test.com,www.schwab.de,
Shopping,Christ,Christ@test.com,www.christ.de,
Shopping,Zalando,Zalando@test.com,www.zalando.de,
Shopping,Bonprix,Bonprix@test.com,www.bonprix.de,
Shopping,Thomann,Thomann@test.com,www.thomann.de,
Shopping,Douglas,Douglas@test.com,www.douglas.de,https://res.cloudinary.com/dzokjumuf/image/upload/v1606487295/Address-Mover-Logos/douglas_kij5di.png
Shopping,Zooplus,Zooplus@test.com,www.zooplus.de,https://res.cloudinary.com/dzokjumuf/image/upload/v1606487296/Address-Mover-Logos/zooplus_logo_featured_vf2goe.png
Shopping,Limango,Limango@test.com,www.limango.de,https://res.cloudinary.com/dzokjumuf/image/upload/v1606487297/Address-Mover-Logos/limango_wfn5cd.png
Shopping,Klingel,Klingel@test.com,www.klingel.de,https://res.cloudinary.com/dzokjumuf/image/upload/v1606487295/Address-Mover-Logos/klingel_jmy7gp.jpg
Shopping,Flaconi,Flaconi@test.com,www.flaconi.de,https://res.cloudinary.com/dzokjumuf/image/upload/v1606487295/Address-Mover-Logos/flaconi_d7nate.jpg
Shopping,Galeria,Galeria@test.com,www.galeria.de,
Shopping,Wayfair,Wayfair@test.com,www.wayfair.de,
Shopping,Soliver,Soliver@test.com,www.soliver.de,
Shopping,Hagebau,Hagebau@test.com,www.hagebau.de,
Shopping,Comtech,Comtech@test.com,comtech.de,
Shopping,C-And-A,C-And-A@test.com,www.c-and-a.com/de,
Shopping,Casando,Casando@test.com,www.casando.de,
Shopping,Bauhaus,Bauhaus@test.com,www.bauhaus.info,
Shopping,Apo-Rot,Apo-Rot@test.com,www.apo-rot.de,
Shopping,Aboutyou,Aboutyou@test.com,www.aboutyou.de,
Shopping,Hornbach,Hornbach@test.com,www.hornbach.de,
Shopping,Medimops,Medimops@test.com,medimops.de,
Shopping,Voelkner,Voelkner@test.com,www.voelkner.de,
Shopping,Weltbild,Weltbild@test.com,www.weltbild.de,
Shopping,Gearbest,Gearbest@test.com,www.gearbest.com,
Shopping,Westwing,Westwing@test.com,www.westwing.de,
Shopping,Reichelt,Reichelt@test.com,www.reichelt.de,
Shopping,Walbusch,Walbusch@test.com,www.walbusch.de,
Shopping,Landsend,Landsend@test.com,www.landsend.de,
Shopping,Mirapodo,Mirapodo@test.com,www.mirapodo.de,
Shopping,Schuhe24,Schuhe24@test.com,www.schuhe24.de,
Shopping,Cyberport,Cyberport@test.com,www.cyberport.de,
Shopping,Alternate,Alternate@test.com,www.alternate.de,
Shopping,Docmorris,Docmorris@test.com,www.docmorris.de,
Shopping,Westfalia,Westfalia@test.com,www.westfalia.de,
Shopping,Babymarkt,Babymarkt@test.com,www.babymarkt.de,
Shopping,Mytheresa,Mytheresa@test.com,www.mytheresa.com,
Shopping,Peterhahn,Peterhahn@test.com,www.peterhahn.de,
Shopping,Deichmann,Deichmann@test.com,www.deichmann.com/DE/de,
Shopping,Mediamarkt,Mediamarkt@test.com,www.mediamarkt.de,
Shopping,Bestsecret,Bestsecret@test.com,bestsecret.com,
Shopping,Breuninger,Breuninger@test.com,www.breuninger.com/de/,
Shopping,Auragentum,Auragentum@test.com,auragentum.de,
Shopping,Kfzteile24,Kfzteile24@test.com,www.kfzteile24.de,
Shopping,Happy-Size,Happy-Size@test.com,www.happy-size.de,
Shopping,Misterspex,Misterspex@test.com,www.misterspex.de,
Shopping,Mindfactory,Mindfactory@test.com,www.mindfactory.de,
Shopping,Witt-Weiden,Witt-Weiden@test.com,www.witt-weiden.de,
Shopping,Sportscheck,Sportscheck@test.com,www.sportscheck.com,
Shopping,Reifendirekt,Reifendirekt@test.com,www.reifendirekt.de,
Shopping,Shop-Apotheke,Shop-Apotheke@test.com,www.shop-apotheke.com,
Shopping,Atp-Autoteile,Atp-Autoteile@test.com,www.atp-autoteile.de,
Shopping,Brands4Friends,Brands4Friends@test.com,www.brands4friends.de,
Shopping,Zalando-Lounge,Zalando-Lounge@test.com,www.zalando-lounge.de,
Shopping,Goldsilbershop,Goldsilbershop@test.com,www.goldsilbershop.de,
Shopping,Computeruniverse,Computeruniverse@test.com,www.computeruniverse.net/de/,
Shopping,Notebooksbilliger,Notebooksbilliger@test.com,www.notebooksbilliger.de,
Shopping,Edelmetall-Handel,Edelmetall-Handel@test.com,www.edelmetall-handel.de,
Shopping,Degussa-Goldhandel,Degussa-Goldhandel@test.com,shop.degussa-goldhandel.de,
Sports,FitX,FitX@test.com,www.fitx.de,https://res.cloudinary.com/daf0zj13q/image/upload/v1606322717/sports/1200px-Logo_FitX_Deutschland_GmbH.svg_wg27pq.png
Sports,McFit,McFit@test.com,www.mcfit.com,https://res.cloudinary.com/daf0zj13q/image/upload/v1606322717/sports/Customer_Story_McFit_Customer-Logo-Color_iyxlth.png
Sports,Injoy,Injoy@test.com,www.injoy.de,https://res.cloudinary.com/dzokjumuf/image/upload/v1606485825/Address-Mover-Logos/logo_injoy_lxzmgk.png
Sports,FIT/ONE,FIT/ONE@test.com,www.fit-one.de,https://res.cloudinary.com/daf0zj13q/image/upload/v1606322717/sports/Logo_FitONE_dmfn6u.png
Sports,clever fit,cleverfit@test.com,www.clever-fit.com,https://res.cloudinary.com/dzokjumuf/image/upload/v1606474644/Address-Mover-Logos/clever_fit_thtoqf.png
Sports,EASYFITNESS,EASYFITNESS@test.com,www.easyfitness.club,https://res.cloudinary.com/daf0zj13q/image/upload/v1606322717/sports/easyfitness_logo_z4vevy.jpg
Sports,Holmes Place,HolmesPlace@test.com,www.holmesplace.de,https://res.cloudinary.com/dzokjumuf/image/upload/v1606474644/Address-Mover-Logos/holmes_place_wve0zy.png
Sports,Fitness First,FitnessFirst@test.com,www.fitnessfirst.de,https://res.cloudinary.com/dzokjumuf/image/upload/v1606474644/Address-Mover-Logos/fitness_first_mqmzgd.jpg
Sports,Kieser Training,KieserTraining@test.com,www.kieser-training.de,https://res.cloudinary.com/dzokjumuf/image/upload/v1606474644/Address-Mover-Logos/kieser_training_w8eald.png
Sports,Deutscher Alpenverein,DeutscherAlpenverein(DAV)@test.com,www.alpenverein.de,https://res.cloudinary.com/dzokjumuf/image/upload/v1606474644/Address-Mover-Logos/deutscher_alpenverein_b73mjw.jpg
Travel,DB Bahncard,DBBahncard@test.com,www.bahn.de,https://res.cloudinary.com/daf0zj13q/image/upload/v1606322013/travel/2n0PKNTFzVHYRtUnkfIdBbxLGswoHjNbeQtGe41l_ha4ydg.png
Travel,Flying Blue,FlyingBlue@test.com,www.flyingblue.de,https://res.cloudinary.com/daf0zj13q/image/upload/v1606322013/travel/Flying-Blue-KLM-Air-France-Long-Logo-624x117_olig9s.jpg
Travel,Etihad Guest,EtihadGuest@test.com,www.etihadguest.com,https://res.cloudinary.com/daf0zj13q/image/upload/v1606322013/travel/getcatalogimage_c70lqm.jpg
Travel,SIXT Neuwagen,SIXTNeuwagen@test.com,www.sixt-neuwagen.de,https://res.cloudinary.com/daf0zj13q/image/upload/v1606322013/travel/sixt_plus_v_hmlwao.jpg
Travel,Lufthansa Miles & More,LufthansaMiles&More@test.com,www.miles-and-more.com,https://res.cloudinary.com/dzokjumuf/image/upload/v1606485906/Address-Mover-Logos/miles-and-more_ag7c6t.jpg
